{"id":2,"name":"bgconfig_level01a","common":{"frameRate":24,"totalDuration":1},"sceneInfo":{"width":768,"height":1024},"layers":[{"id":7,"layername":"camera","framestype":"element","frames":[{"frameid":0,"z":7,"einfo":{"ename":"camera_fix","x":384,"y":512,"sx":1,"sy":1,"rot":0,"skewX":0,"skewY":0,"colorMode":"none","colorM":{"r":100,"g":100,"b":100,"a":100},"colorO":{"r":0,"g":0,"b":0,"a":0}},"mending":false,"dt":1}]},{"id":6,"layername":"npc_sayxbl","framestype":"element","frames":[{"frameid":0,"z":6,"einfo":{"ename":"npc_saidnull","eitem":"8","x":-280,"y":499.9,"sx":0.5208282470703125,"sy":0.5208282470703125,"rot":0,"skewX":0,"skewY":0,"colorMode":"none","colorM":{"r":100,"g":100,"b":100,"a":100},"colorO":{"r":0,"g":0,"b":0,"a":0}},"mending":false,"dt":1}]},{"id":5,"layername":"npc_cao","framestype":"element","frames":[{"frameid":0,"z":5,"einfo":{"ename":"xblh_a1_bg_mov","eitem":"0","x":-340.3,"y":975.3,"sx":1,"sy":1,"rot":0,"skewX":0,"skewY":0,"colorMode":"none","colorM":{"r":100,"g":100,"b":100,"a":100},"colorO":{"r":0,"g":0,"b":0,"a":0}},"mending":false,"dt":1}]},{"id":4,"layername":"npc_jling","framestype":"element","frames":[{"frameid":0,"z":4,"einfo":{"ename":"npc_hudie01","eitem":"0","x":478.6,"y":379.1,"sx":1.07183837890625,"sy":1.07183837890625,"rot":0,"skewX":0,"skewY":0,"colorMode":"none","colorM":{"r":100,"g":100,"b":100,"a":100},"colorO":{"r":0,"g":0,"b":0,"a":0}},"mending":false,"dt":1}]},{"id":3,"layername":"npc_xbl","framestype":"element","frames":[{"frameid":0,"z":3,"einfo":{"ename":"XBL2019_CH_type3_happy","eitem":"6","x":308.9,"y":668.3,"sx":0.758087158203125,"sy":0.758087158203125,"rot":0,"skewX":0,"skewY":180,"colorMode":"none","colorM":{"r":100,"g":100,"b":100,"a":100},"colorO":{"r":0,"g":0,"b":0,"a":0}},"mending":false,"dt":1}]},{"id":2,"layername":"npc_djqy","framestype":"element","frames":[{"frameid":0,"z":2,"einfo":{"ename":"jizhang_djquyu","eitem":"0","x":-403.4,"y":510.1,"sx":0.771514892578125,"sy":1,"rot":0,"skewX":0,"skewY":0,"colorMode":"none","colorM":{"r":100,"g":100,"b":100,"a":100},"colorO":{"r":0,"g":0,"b":0,"a":0}},"mending":false,"dt":1}]},{"id":1,"layername":"npc_fyxt","framestype":"element","frames":[{"frameid":0,"z":1,"einfo":{"ename":"cywll_fyxt_level01","eitem":"0","x":-402.1,"y":511.9,"sx":1,"sy":1,"rot":0,"skewX":0,"skewY":0,"colorMode":"none","colorM":{"r":100,"g":100,"b":100,"a":100},"colorO":{"r":0,"g":0,"b":0,"a":0}},"mending":false,"dt":1}]},{"id":0,"layername":"bg","framestype":"pic","frames":[{"frameid":0,"z":0,"einfo":{"ename":"level01a_bg.png","x":-759,"y":-63,"sx":1,"sy":1,"rot":0,"skewX":0,"skewY":0,"colorM":{},"colorO":{}},"mending":false,"dt":1}]}]}