{"id":1,"name":"cywll_level01","common":{"frameRate":24,"totalDuration":119},"sceneInfo":{"width":768,"height":1024},"layers":[{"id":11,"layername":"sound","framestype":"sound","frames":[{"frameid":0,"name":"chibang.mp3","mode":"repeat","loop":1,"dt":39},{"frameid":39,"dt":80,"z":11,"mending":false}]},{"id":10,"layername":"sound2","framestype":"sound","frames":[{"frameid":0,"dt":28,"z":11,"mending":false},{"frameid":28,"name":"shuzhi.mp3","mode":"repeat","loop":1,"dt":16},{"frameid":44,"dt":75,"z":11,"mending":false}]},{"id":9,"layername":"sound3","framestype":"sound","frames":[{"frameid":0,"name":"zuojiao_2.mp3","mode":"repeat","loop":1,"dt":6},{"frameid":6,"dt":1,"z":11,"mending":false},{"frameid":7,"name":"youjiao_2.mp3","mode":"repeat","loop":1,"dt":7},{"frameid":14,"dt":1,"z":11,"mending":false},{"frameid":15,"name":"zuojiao_2.mp3","mode":"repeat","loop":1,"dt":6},{"frameid":21,"dt":1,"z":11,"mending":false},{"frameid":22,"name":"youjiao_2.mp3","mode":"repeat","loop":1,"dt":7},{"frameid":29,"dt":1,"z":11,"mending":false},{"frameid":30,"name":"zuojiao_2.mp3","mode":"repeat","loop":1,"dt":6},{"frameid":36,"dt":1,"z":11,"mending":false},{"frameid":37,"name":"youjiao_2.mp3","mode":"repeat","loop":1,"dt":7},{"frameid":44,"dt":1,"z":11,"mending":false},{"frameid":45,"name":"zuojiao_2.mp3","mode":"repeat","loop":1,"dt":6},{"frameid":51,"dt":1,"z":11,"mending":false},{"frameid":52,"name":"youjiao_2.mp3","mode":"repeat","loop":1,"dt":7},{"frameid":59,"dt":1,"z":11,"mending":false},{"frameid":60,"name":"zuojiao_2.mp3","mode":"repeat","loop":1,"dt":6},{"frameid":66,"dt":1,"z":11,"mending":false},{"frameid":67,"name":"youjiao_2.mp3","mode":"repeat","loop":1,"dt":7},{"frameid":74,"dt":1,"z":11,"mending":false},{"frameid":75,"name":"zuojiao_2.mp3","mode":"repeat","loop":1,"dt":6},{"frameid":81,"dt":1,"z":11,"mending":false},{"frameid":82,"name":"youjiao_2.mp3","mode":"repeat","loop":1,"dt":7},{"frameid":89,"dt":1,"z":11,"mending":false},{"frameid":90,"name":"zuojiao_2.mp3","mode":"repeat","loop":1,"dt":6},{"frameid":96,"dt":1,"z":11,"mending":false},{"frameid":97,"name":"youjiao_2.mp3","mode":"repeat","loop":1,"dt":7},{"frameid":104,"dt":1,"z":11,"mending":false},{"frameid":105,"name":"zuojiao_2.mp3","mode":"repeat","loop":1,"dt":6},{"frameid":111,"dt":1,"z":11,"mending":false},{"frameid":112,"name":"youjiao_2.mp3","mode":"repeat","loop":1,"dt":7}]},{"id":8,"layername":"say_wll","framestype":"sound","frames":[{"frameid":0,"dt":45,"z":11,"mending":false},{"frameid":45,"name":"cywll01001.mp3","mode":"repeat","loop":1,"dt":15},{"frameid":60,"dt":59,"z":11,"mending":false}]},{"id":7,"layername":"camera","framestype":"element","frames":[{"frameid":0,"z":7,"einfo":{"ename":"camera_fix","x":384,"y":512,"sx":1,"sy":1,"rot":0,"skewX":0,"skewY":0,"colorMode":"none","colorM":{"r":100,"g":100,"b":100,"a":100},"colorO":{"r":0,"g":0,"b":0,"a":0}},"mending":false,"dt":71},{"frameid":71,"z":7,"einfo":{"ename":"camera_fix","x":384,"y":512,"sx":1,"sy":1,"rot":0,"skewX":0,"skewY":0,"colorMode":"none","colorM":{"r":100,"g":100,"b":100,"a":100},"colorO":{"r":0,"g":0,"b":0,"a":0}},"mending":true,"dt":4},{"frameid":75,"z":7,"einfo":{"ename":"camera_fix","x":386.1,"y":510.6,"sx":0.995697021484375,"sy":0.995697021484375,"rot":0,"skewX":0,"skewY":0,"colorMode":"none","colorM":{"r":100,"g":100,"b":100,"a":100},"colorO":{"r":0,"g":0,"b":0,"a":0}},"mending":true,"dt":4},{"frameid":79,"z":7,"einfo":{"ename":"camera_fix","x":393.1,"y":506,"sx":0.9815673828125,"sy":0.9815673828125,"rot":0,"skewX":0,"skewY":0,"colorMode":"none","colorM":{"r":100,"g":100,"b":100,"a":100},"colorO":{"r":0,"g":0,"b":0,"a":0}},"mending":true,"dt":4},{"frameid":83,"z":7,"einfo":{"ename":"camera_fix","x":406.1,"y":497.6,"sx":0.9556732177734375,"sy":0.9556732177734375,"rot":0,"skewX":0,"skewY":0,"colorMode":"none","colorM":{"r":100,"g":100,"b":100,"a":100},"colorO":{"r":0,"g":0,"b":0,"a":0}},"mending":true,"dt":4},{"frameid":87,"z":7,"einfo":{"ename":"camera_fix","x":425.6,"y":484.7,"sx":0.91632080078125,"sy":0.91632080078125,"rot":0,"skewX":0,"skewY":0,"colorMode":"none","colorM":{"r":100,"g":100,"b":100,"a":100},"colorO":{"r":0,"g":0,"b":0,"a":0}},"mending":true,"dt":4},{"frameid":91,"z":7,"einfo":{"ename":"camera_fix","x":451.9,"y":467.4,"sx":0.86346435546875,"sy":0.86346435546875,"rot":0,"skewX":0,"skewY":0,"colorMode":"none","colorM":{"r":100,"g":100,"b":100,"a":100},"colorO":{"r":0,"g":0,"b":0,"a":0}},"mending":true,"dt":4},{"frameid":95,"z":7,"einfo":{"ename":"camera_fix","x":483.1,"y":447.1,"sx":0.801025390625,"sy":0.801025390625,"rot":0,"skewX":0,"skewY":0,"colorMode":"none","colorM":{"r":100,"g":100,"b":100,"a":100},"colorO":{"r":0,"g":0,"b":0,"a":0}},"mending":true,"dt":4},{"frameid":99,"z":7,"einfo":{"ename":"camera_fix","x":514.5,"y":426.4,"sx":0.7376556396484375,"sy":0.7376556396484375,"rot":0,"skewX":0,"skewY":0,"colorMode":"none","colorM":{"r":100,"g":100,"b":100,"a":100},"colorO":{"r":0,"g":0,"b":0,"a":0}},"mending":true,"dt":4},{"frameid":103,"z":7,"einfo":{"ename":"camera_fix","x":541.8,"y":408.5,"sx":0.6829071044921875,"sy":0.6829071044921875,"rot":0,"skewX":0,"skewY":0,"colorMode":"none","colorM":{"r":100,"g":100,"b":100,"a":100},"colorO":{"r":0,"g":0,"b":0,"a":0}},"mending":true,"dt":4},{"frameid":107,"z":7,"einfo":{"ename":"camera_fix","x":562.1,"y":395.2,"sx":0.642120361328125,"sy":0.642120361328125,"rot":0,"skewX":0,"skewY":0,"colorMode":"none","colorM":{"r":100,"g":100,"b":100,"a":100},"colorO":{"r":0,"g":0,"b":0,"a":0}},"mending":true,"dt":4},{"frameid":111,"z":7,"einfo":{"ename":"camera_fix","x":575.1,"y":386.6,"sx":0.615936279296875,"sy":0.615936279296875,"rot":0,"skewX":0,"skewY":0,"colorMode":"none","colorM":{"r":100,"g":100,"b":100,"a":100},"colorO":{"r":0,"g":0,"b":0,"a":0}},"mending":true,"dt":4},{"frameid":115,"z":7,"einfo":{"ename":"camera_fix","x":581.8,"y":382.4,"sx":0.60272216796875,"sy":0.60272216796875,"rot":0,"skewX":0,"skewY":0,"colorMode":"none","colorM":{"r":100,"g":100,"b":100,"a":100},"colorO":{"r":0,"g":0,"b":0,"a":0}},"mending":true,"dt":3},{"frameid":118,"z":7,"einfo":{"ename":"camera_fix","x":583.1,"y":381.4,"sx":0.5999755859375,"sy":0.5999755859375,"rot":0,"skewX":0,"skewY":0,"colorMode":"none","colorM":{"r":100,"g":100,"b":100,"a":100},"colorO":{"r":0,"g":0,"b":0,"a":0}},"mending":false,"dt":1}]},{"id":6,"layername":"event_01","framestype":"event","frames":[{"frameid":0,"eventname":"bgm_bgm_level01","dt":1},{"frameid":1,"dt":118,"z":11,"mending":false}]},{"id":5,"layername":"npc_saywll","framestype":"element","frames":[{"frameid":0,"z":5,"einfo":{"ename":"npc_saidnull","eitem":"8","x":250,"y":419.7,"sx":0.6944427490234375,"sy":0.6944427490234375,"rot":0,"skewX":0,"skewY":0,"colorMode":"none","colorM":{"r":100,"g":100,"b":100,"a":100},"colorO":{"r":0,"g":0,"b":0,"a":0}},"mending":false,"dt":45},{"frameid":45,"z":5,"einfo":{"ename":"npc_saidnull","eitem":"6","x":250,"y":419.7,"sx":0.6944427490234375,"sy":0.6944427490234375,"rot":0,"skewX":0,"skewY":0,"colorMode":"none","colorM":{"r":100,"g":100,"b":100,"a":100},"colorO":{"r":0,"g":0,"b":0,"a":0}},"mending":false,"dt":26},{"frameid":71,"z":5,"einfo":{"ename":"npc_saidnull","eitem":"6","x":250,"y":419.7,"sx":0.6944427490234375,"sy":0.6944427490234375,"rot":0,"skewX":0,"skewY":0,"colorMode":"none","colorM":{"r":100,"g":100,"b":100,"a":100},"colorO":{"r":0,"g":0,"b":0,"a":0}},"mending":true,"dt":47},{"frameid":118,"z":5,"einfo":{"ename":"npc_saidnull","eitem":"6","x":80,"y":593.7,"sx":0.6944427490234375,"sy":0.6944427490234375,"rot":0,"skewX":0,"skewY":0,"colorMode":"none","colorM":{"r":100,"g":100,"b":100,"a":100},"colorO":{"r":0,"g":0,"b":0,"a":0}},"mending":false,"dt":1}]},{"id":4,"layername":"npc_wll","framestype":"element","frames":[{"frameid":0,"z":4,"einfo":{"ename":"cywll_wllback_level01","eitem":"0","x":-144.8,"y":164.1,"sx":2.3999481201171875,"sy":2.3999481201171875,"rot":0,"skewX":0,"skewY":0,"colorMode":"none","colorM":{"r":100,"g":100,"b":100,"a":100},"colorO":{"r":0,"g":0,"b":0,"a":0}},"mending":true,"dt":30},{"frameid":30,"z":4,"einfo":{"ename":"cywll_wllback_level01","eitem":"1","x":341.9,"y":629.6,"sx":2.4999237060546875,"sy":2.4999237060546875,"rot":0,"skewX":0,"skewY":0,"colorMode":"none","colorM":{"r":100,"g":100,"b":100,"a":100},"colorO":{"r":0,"g":0,"b":0,"a":0}},"mending":true,"dt":5},{"frameid":35,"z":4,"einfo":{"ename":"cywll_wllback_level01","eitem":"2","x":341.9,"y":640,"sx":2.499969482421875,"sy":2.499969482421875,"rot":0,"skewX":0,"skewY":0,"colorMode":"none","colorM":{"r":100,"g":100,"b":100,"a":100},"colorO":{"r":0,"g":0,"b":0,"a":0}},"mending":true,"dt":5},{"frameid":40,"z":4,"einfo":{"ename":"cywll_wllback_level01","eitem":"2","x":341.9,"y":624.5,"sx":2.499969482421875,"sy":2.499969482421875,"rot":0,"skewX":0,"skewY":0,"colorMode":"none","colorM":{"r":100,"g":100,"b":100,"a":100},"colorO":{"r":0,"g":0,"b":0,"a":0}},"mending":true,"dt":5},{"frameid":45,"z":4,"einfo":{"ename":"cywll_wllback_level01","eitem":"3","x":341.9,"y":629.6,"sx":2.499969482421875,"sy":2.499969482421875,"rot":0,"skewX":0,"skewY":0,"colorMode":"none","colorM":{"r":100,"g":100,"b":100,"a":100},"colorO":{"r":0,"g":0,"b":0,"a":0}},"mending":false,"dt":26},{"frameid":71,"z":4,"einfo":{"ename":"cywll_wllback_level01","eitem":"3","x":341.9,"y":629.6,"sx":2.499969482421875,"sy":2.499969482421875,"rot":0,"skewX":0,"skewY":0,"colorMode":"none","colorM":{"r":100,"g":100,"b":100,"a":100},"colorO":{"r":0,"g":0,"b":0,"a":0}},"mending":true,"dt":47},{"frameid":118,"z":4,"einfo":{"ename":"cywll_wllback_level01","eitem":"3","x":180.2,"y":796.4,"sx":2.499969482421875,"sy":2.499969482421875,"rot":0,"skewX":0,"skewY":0,"colorMode":"none","colorM":{"r":100,"g":100,"b":100,"a":100},"colorO":{"r":0,"g":0,"b":0,"a":0}},"mending":false,"dt":1}]},{"id":3,"layername":"npc_shu","framestype":"element","frames":[{"frameid":0,"z":3,"einfo":{"ename":"cywll_shu_level01","eitem":"0","x":338.8,"y":590.6,"sx":1,"sy":1,"rot":0,"skewX":0,"skewY":0,"colorMode":"none","colorM":{"r":100,"g":100,"b":100,"a":100},"colorO":{"r":0,"g":0,"b":0,"a":0}},"mending":false,"dt":71},{"frameid":71,"z":3,"einfo":{"ename":"cywll_shu_level01","eitem":"0","x":338.8,"y":590.6,"sx":1,"sy":1,"rot":0,"skewX":0,"skewY":0,"colorMode":"none","colorM":{"r":100,"g":100,"b":100,"a":100},"colorO":{"r":0,"g":0,"b":0,"a":0}},"mending":true,"dt":47},{"frameid":118,"z":3,"einfo":{"ename":"cywll_shu_level01","eitem":"0","x":177.1,"y":757.4,"sx":1,"sy":1,"rot":0,"skewX":0,"skewY":0,"colorMode":"none","colorM":{"r":100,"g":100,"b":100,"a":100},"colorO":{"r":0,"g":0,"b":0,"a":0}},"mending":false,"dt":1}]},{"id":2,"layername":"npc_shuzhi","framestype":"element","frames":[{"frameid":0,"z":2,"einfo":{"ename":"cywll_shuzhi_level01","eitem":"0","x":379.6,"y":752.3,"sx":1,"sy":1,"rot":0,"skewX":0,"skewY":0,"colorMode":"none","colorM":{"r":100,"g":100,"b":100,"a":100},"colorO":{"r":0,"g":0,"b":0,"a":0}},"mending":false,"dt":30},{"frameid":30,"z":2,"einfo":{"ename":"cywll_shuzhi_level01","eitem":"0","x":379.6,"y":752.3,"sx":1,"sy":1,"rot":0,"skewX":0,"skewY":0,"colorMode":"none","colorM":{"r":100,"g":100,"b":100,"a":100},"colorO":{"r":0,"g":0,"b":0,"a":0}},"mending":true,"dt":5},{"frameid":35,"z":2,"einfo":{"ename":"cywll_shuzhi_level01","eitem":"0","x":382.4,"y":760.3,"sx":1.0000152587890625,"sy":1.0000152587890625,"rot":2.492706298828125,"skewX":2.492706298828125,"skewY":2.492706298828125,"colorMode":"none","colorM":{"r":100,"g":100,"b":100,"a":100},"colorO":{"r":0,"g":0,"b":0,"a":0}},"mending":true,"dt":5},{"frameid":40,"z":2,"einfo":{"ename":"cywll_shuzhi_level01","eitem":"0","x":377.1,"y":746.1,"sx":1.0000152587890625,"sy":1.0000152587890625,"rot":-1.9506072998046875,"skewX":358.0493927001953,"skewY":358.0493927001953,"colorMode":"none","colorM":{"r":100,"g":100,"b":100,"a":100},"colorO":{"r":0,"g":0,"b":0,"a":0}},"mending":true,"dt":5},{"frameid":45,"z":2,"einfo":{"ename":"cywll_shuzhi_level01","eitem":"0","x":379.6,"y":752.3,"sx":1,"sy":1,"rot":0,"skewX":0,"skewY":0,"colorMode":"none","colorM":{"r":100,"g":100,"b":100,"a":100},"colorO":{"r":0,"g":0,"b":0,"a":0}},"mending":false,"dt":26},{"frameid":71,"z":2,"einfo":{"ename":"cywll_shuzhi_level01","eitem":"0","x":379.6,"y":752.3,"sx":1,"sy":1,"rot":0,"skewX":0,"skewY":0,"colorMode":"none","colorM":{"r":100,"g":100,"b":100,"a":100},"colorO":{"r":0,"g":0,"b":0,"a":0}},"mending":true,"dt":47},{"frameid":118,"z":2,"einfo":{"ename":"cywll_shuzhi_level01","eitem":"0","x":217.8,"y":919,"sx":1,"sy":1,"rot":0,"skewX":0,"skewY":0,"colorMode":"none","colorM":{"r":100,"g":100,"b":100,"a":100},"colorO":{"r":0,"g":0,"b":0,"a":0}},"mending":false,"dt":1}]},{"id":1,"layername":"npc_jling","framestype":"element","frames":[{"frameid":0,"z":1,"einfo":{"ename":"npc_hudie01","eitem":"0","x":314.4,"y":404.8,"sx":0.235870361328125,"sy":0.235870361328125,"rot":0,"skewX":0,"skewY":0,"colorMode":"none","colorM":{"r":100,"g":100,"b":100,"a":100},"colorO":{"r":0,"g":0,"b":0,"a":0}},"mending":true,"dt":63},{"frameid":63,"z":1,"einfo":{"ename":"npc_hudie01","eitem":"0","x":469.7,"y":463.2,"sx":0.235870361328125,"sy":0.235870361328125,"rot":0,"skewX":0,"skewY":0,"colorMode":"none","colorM":{"r":100,"g":100,"b":100,"a":100},"colorO":{"r":0,"g":0,"b":0,"a":0}},"mending":true,"dt":55},{"frameid":118,"z":1,"einfo":{"ename":"npc_hudie01","eitem":"0","x":594.4,"y":417.8,"sx":0.235870361328125,"sy":0.235870361328125,"rot":0,"skewX":0,"skewY":0,"colorMode":"none","colorM":{"r":100,"g":100,"b":100,"a":100},"colorO":{"r":0,"g":0,"b":0,"a":0}},"mending":false,"dt":1}]},{"id":0,"layername":"npc_xbl","framestype":"element","frames":[{"frameid":0,"z":0,"einfo":{"ename":"XBL2019_CH_type3_happy","eitem":"6","x":279.1,"y":437.9,"sx":0.1194000244140625,"sy":0.1194000244140625,"rot":0,"skewX":0,"skewY":180,"colorMode":"none","colorM":{"r":100,"g":100,"b":100,"a":100},"colorO":{"r":0,"g":0,"b":0,"a":0}},"mending":true,"dt":63},{"frameid":63,"z":0,"einfo":{"ename":"XBL2019_CH_type3_happy","eitem":"6","x":440.1,"y":499.9,"sx":0.119384765625,"sy":0.119384765625,"rot":0,"skewX":0,"skewY":180,"colorMode":"none","colorM":{"r":100,"g":100,"b":100,"a":100},"colorO":{"r":0,"g":0,"b":0,"a":0}},"mending":true,"dt":55},{"frameid":118,"z":0,"einfo":{"ename":"XBL2019_CH_type3_happy","eitem":"6","x":559.1,"y":460.9,"sx":0.1194000244140625,"sy":0.1194000244140625,"rot":0,"skewX":0,"skewY":180,"colorMode":"none","colorM":{"r":100,"g":100,"b":100,"a":100},"colorO":{"r":0,"g":0,"b":0,"a":0}},"mending":false,"dt":1}]}]}