{"id":5,"name":"bgconfig_level01b","common":{"frameRate":24,"totalDuration":1},"sceneInfo":{"width":768,"height":1024},"layers":[{"id":7,"layername":"camera","framestype":"element","frames":[{"frameid":0,"z":7,"einfo":{"ename":"camera_fix","x":-238.8,"y":512,"sx":1,"sy":1,"rot":0,"skewX":0,"skewY":0,"colorMode":"none","colorM":{"r":100,"g":100,"b":100,"a":100},"colorO":{"r":0,"g":0,"b":0,"a":0}},"mending":false,"dt":1}]},{"id":6,"layername":"npc_shuye","framestype":"element","frames":[{"frameid":0,"z":6,"einfo":{"ename":"cywll_shuye_level02_M","eitem":"1","x":-461,"y":318.3,"sx":1,"sy":1,"rot":0,"skewX":0,"skewY":0,"colorMode":"none","colorM":{"r":100,"g":100,"b":100,"a":100},"colorO":{"r":0,"g":0,"b":0,"a":0}},"mending":false,"dt":1}]},{"id":5,"layername":"npc_cao","framestype":"element","frames":[{"frameid":0,"z":5,"einfo":{"ename":"xblh_a1_bg_mov","eitem":"0","x":-340.3,"y":975.3,"sx":1,"sy":1,"rot":0,"skewX":0,"skewY":0,"colorMode":"none","colorM":{"r":100,"g":100,"b":100,"a":100},"colorO":{"r":0,"g":0,"b":0,"a":0}},"mending":false,"dt":1}]},{"id":4,"layername":"npc_jling","framestype":"element","frames":[{"frameid":0,"z":4,"einfo":{"ename":"npc_hudie01","eitem":"0","x":-415.4,"y":344.1,"sx":1.07183837890625,"sy":1.07183837890625,"rot":0,"skewX":0,"skewY":0,"colorMode":"none","colorM":{"r":100,"g":100,"b":100,"a":100},"colorO":{"r":0,"g":0,"b":0,"a":0}},"mending":false,"dt":1}]},{"id":3,"layername":"npc_yan","framestype":"element","frames":[{"frameid":0,"z":3,"einfo":{"ename":"cywll_wenhao","eitem":"1","x":-301.7,"y":332.3,"sx":2.3553314208984375,"sy":1.82830810546875,"rot":0,"skewX":0,"skewY":180,"colorMode":"none","colorM":{"r":100,"g":100,"b":100,"a":100},"colorO":{"r":0,"g":0,"b":0,"a":0}},"mending":false,"dt":1}]},{"id":2,"layername":"npc_xbl","framestype":"element","frames":[{"frameid":0,"z":2,"einfo":{"ename":"cywll_xbldunxia_level01","eitem":"2","x":-122.4,"y":657.3,"sx":0.758087158203125,"sy":0.758087158203125,"rot":0,"skewX":0,"skewY":0,"colorMode":"none","colorM":{"r":100,"g":100,"b":100,"a":100},"colorO":{"r":0,"g":0,"b":0,"a":0}},"mending":false,"dt":1}]},{"id":1,"layername":"npc_fyxt","framestype":"element","frames":[{"frameid":0,"z":1,"einfo":{"ename":"cywll_fyxt_level01","eitem":"2","x":-402.1,"y":511.9,"sx":1,"sy":1,"rot":0,"skewX":0,"skewY":0,"colorMode":"none","colorM":{"r":100,"g":100,"b":100,"a":100},"colorO":{"r":0,"g":0,"b":0,"a":0}},"mending":false,"dt":1}]},{"id":0,"layername":"bg","framestype":"pic","frames":[{"frameid":0,"z":0,"einfo":{"ename":"level01a_bg.png","x":-759,"y":-63,"sx":1,"sy":1,"rot":0,"skewX":0,"skewY":0,"colorM":{},"colorO":{}},"mending":false,"dt":1}]}]}