{"id":6,"name":"cywll_level01b","common":{"frameRate":24,"totalDuration":70},"sceneInfo":{"width":768,"height":1024},"layers":[{"id":9,"layername":"sound","framestype":"sound","frames":[{"frameid":0,"dt":6,"z":9,"mending":false},{"frameid":6,"name":"jiqibi.mp3","mode":"repeat","loop":1,"dt":14},{"frameid":20,"dt":7,"z":9,"mending":false},{"frameid":27,"name":"doorop.mp3","mode":"repeat","loop":1,"dt":8},{"frameid":35,"dt":7,"z":9,"mending":false},{"frameid":42,"name":"sign.mp3","mode":"repeat","loop":1,"dt":17},{"frameid":59,"dt":11,"z":9,"mending":false}]},{"id":8,"layername":"sound2","framestype":"sound","frames":[{"frameid":0,"name":"sign2.mp3","mode":"repeat","loop":1,"dt":19},{"frameid":19,"dt":51,"z":9,"mending":false}]},{"id":7,"layername":"say_xxx","framestype":"","frames":[{"frameid":0,"dt":70,"z":9,"mending":false}]},{"id":6,"layername":"camera","framestype":"element","frames":[{"frameid":0,"z":6,"einfo":{"ename":"camera_fix","x":-238.8,"y":512,"sx":1,"sy":1,"rot":0,"skewX":0,"skewY":0,"colorMode":"none","colorM":{"r":100,"g":100,"b":100,"a":100},"colorO":{"r":0,"g":0,"b":0,"a":0}},"mending":false,"dt":12},{"frameid":12,"z":6,"einfo":{"ename":"camera_fix","x":-238.8,"y":512,"sx":1,"sy":1,"rot":0,"skewX":0,"skewY":0,"colorMode":"none","colorM":{"r":100,"g":100,"b":100,"a":100},"colorO":{"r":0,"g":0,"b":0,"a":0}},"mending":true,"dt":8},{"frameid":20,"z":6,"einfo":{"ename":"camera_fix","x":-230,"y":488.7,"sx":1.18182373046875,"sy":1.18182373046875,"rot":0,"skewX":0,"skewY":0,"colorMode":"none","colorM":{"r":100,"g":100,"b":100,"a":100},"colorO":{"r":0,"g":0,"b":0,"a":0}},"mending":false,"dt":26},{"frameid":46,"z":6,"einfo":{"ename":"camera_fix","x":-230,"y":513.2,"sx":1.18182373046875,"sy":1.18182373046875,"rot":0,"skewX":0,"skewY":0,"colorMode":"none","colorM":{"r":100,"g":100,"b":100,"a":100},"colorO":{"r":0,"g":0,"b":0,"a":0}},"mending":false,"dt":2},{"frameid":48,"z":6,"einfo":{"ename":"camera_fix","x":-230,"y":482,"sx":1.18182373046875,"sy":1.18182373046875,"rot":0,"skewX":0,"skewY":0,"colorMode":"none","colorM":{"r":100,"g":100,"b":100,"a":100},"colorO":{"r":0,"g":0,"b":0,"a":0}},"mending":false,"dt":2},{"frameid":50,"z":6,"einfo":{"ename":"camera_fix","x":-254.4,"y":488.7,"sx":1.18182373046875,"sy":1.18182373046875,"rot":0,"skewX":0,"skewY":0,"colorMode":"none","colorM":{"r":100,"g":100,"b":100,"a":100},"colorO":{"r":0,"g":0,"b":0,"a":0}},"mending":false,"dt":2},{"frameid":52,"z":6,"einfo":{"ename":"camera_fix","x":-210,"y":488.7,"sx":1.18182373046875,"sy":1.18182373046875,"rot":0,"skewX":0,"skewY":0,"colorMode":"none","colorM":{"r":100,"g":100,"b":100,"a":100},"colorO":{"r":0,"g":0,"b":0,"a":0}},"mending":false,"dt":2},{"frameid":54,"z":6,"einfo":{"ename":"camera_fix","x":-230,"y":484.3,"sx":1.18182373046875,"sy":1.18182373046875,"rot":0,"skewX":0,"skewY":0,"colorMode":"none","colorM":{"r":100,"g":100,"b":100,"a":100},"colorO":{"r":0,"g":0,"b":0,"a":0}},"mending":false,"dt":2},{"frameid":56,"z":6,"einfo":{"ename":"camera_fix","x":-230,"y":510.9,"sx":1.18182373046875,"sy":1.18182373046875,"rot":0,"skewX":0,"skewY":0,"colorMode":"none","colorM":{"r":100,"g":100,"b":100,"a":100},"colorO":{"r":0,"g":0,"b":0,"a":0}},"mending":false,"dt":2},{"frameid":58,"z":6,"einfo":{"ename":"camera_fix","x":-225.5,"y":488.7,"sx":1.18182373046875,"sy":1.18182373046875,"rot":0,"skewX":0,"skewY":0,"colorMode":"none","colorM":{"r":100,"g":100,"b":100,"a":100},"colorO":{"r":0,"g":0,"b":0,"a":0}},"mending":false,"dt":2},{"frameid":60,"z":6,"einfo":{"ename":"camera_fix","x":-245.5,"y":497.7,"sx":1.18182373046875,"sy":1.18182373046875,"rot":0,"skewX":0,"skewY":0,"colorMode":"none","colorM":{"r":100,"g":100,"b":100,"a":100},"colorO":{"r":0,"g":0,"b":0,"a":0}},"mending":false,"dt":2},{"frameid":62,"z":6,"einfo":{"ename":"camera_fix","x":-214.5,"y":482,"sx":1.18182373046875,"sy":1.18182373046875,"rot":0,"skewX":0,"skewY":0,"colorMode":"none","colorM":{"r":100,"g":100,"b":100,"a":100},"colorO":{"r":0,"g":0,"b":0,"a":0}},"mending":false,"dt":2},{"frameid":64,"z":6,"einfo":{"ename":"camera_fix","x":-238.9,"y":504.2,"sx":1.18182373046875,"sy":1.18182373046875,"rot":0,"skewX":0,"skewY":0,"colorMode":"none","colorM":{"r":100,"g":100,"b":100,"a":100},"colorO":{"r":0,"g":0,"b":0,"a":0}},"mending":false,"dt":2},{"frameid":66,"z":6,"einfo":{"ename":"camera_fix","x":-225.5,"y":488.7,"sx":1.18182373046875,"sy":1.18182373046875,"rot":0,"skewX":0,"skewY":0,"colorMode":"none","colorM":{"r":100,"g":100,"b":100,"a":100},"colorO":{"r":0,"g":0,"b":0,"a":0}},"mending":false,"dt":2},{"frameid":68,"z":6,"einfo":{"ename":"camera_fix","x":-245.5,"y":484.3,"sx":1.18182373046875,"sy":1.18182373046875,"rot":0,"skewX":0,"skewY":0,"colorMode":"none","colorM":{"r":100,"g":100,"b":100,"a":100},"colorO":{"r":0,"g":0,"b":0,"a":0}},"mending":false,"dt":2}]},{"id":5,"layername":"event_10","framestype":"event","frames":[{"frameid":0,"dt":46,"z":9,"mending":false},{"frameid":46,"eventname":"bgm_sound_fyxtk","dt":1},{"frameid":47,"dt":23,"z":9,"mending":false}]},{"id":4,"layername":"npc_shuye","framestype":"element","frames":[{"frameid":0,"z":4,"einfo":{"ename":"cywll_shuye_level02_M","eitem":"1","x":-461,"y":318.3,"sx":1,"sy":1,"rot":0,"skewX":0,"skewY":0,"colorMode":"none","colorM":{"r":100,"g":100,"b":100,"a":100},"colorO":{"r":0,"g":0,"b":0,"a":0}},"mending":false,"dt":46},{"frameid":46,"z":4,"einfo":{"ename":"cywll_shuye_level02_M","eitem":"0","x":-461,"y":318.3,"sx":1,"sy":1,"rot":0,"skewX":0,"skewY":0,"colorMode":"none","colorM":{"r":100,"g":100,"b":100,"a":100},"colorO":{"r":0,"g":0,"b":0,"a":0}},"mending":false,"dt":24}]},{"id":3,"layername":"npc_jling","framestype":"element","frames":[{"frameid":0,"z":3,"einfo":{"ename":"npc_hudie01","eitem":"0","x":-415.4,"y":344.1,"sx":1.07183837890625,"sy":1.07183837890625,"rot":0,"skewX":0,"skewY":0,"colorMode":"none","colorM":{"r":100,"g":100,"b":100,"a":100},"colorO":{"r":0,"g":0,"b":0,"a":0}},"mending":false,"dt":21},{"frameid":21,"z":3,"einfo":{"ename":"npc_hudie01","eitem":"0","x":-415.4,"y":344.1,"sx":1.07183837890625,"sy":1.07183837890625,"rot":0,"skewX":0,"skewY":0,"colorMode":"none","colorM":{"r":100,"g":100,"b":100,"a":100},"colorO":{"r":0,"g":0,"b":0,"a":0}},"mending":true,"dt":12},{"frameid":33,"z":3,"einfo":{"ename":"npc_hudie01","eitem":"0","x":-375.4,"y":309,"sx":1.07183837890625,"sy":1.07183837890625,"rot":0,"skewX":0,"skewY":0,"colorMode":"none","colorM":{"r":100,"g":100,"b":100,"a":100},"colorO":{"r":0,"g":0,"b":0,"a":0}},"mending":false,"dt":19},{"frameid":52,"z":3,"einfo":{"ename":"npc_hudie01","eitem":"2","x":-375.4,"y":309,"sx":1.07183837890625,"sy":1.07183837890625,"rot":0,"skewX":0,"skewY":0,"colorMode":"none","colorM":{"r":100,"g":100,"b":100,"a":100},"colorO":{"r":0,"g":0,"b":0,"a":0}},"mending":false,"dt":18}]},{"id":2,"layername":"npc_yan","framestype":"element","frames":[{"frameid":0,"z":2,"einfo":{"ename":"cywll_wenhao","eitem":"1","x":-301.7,"y":332.3,"sx":2.3553314208984375,"sy":1.82830810546875,"rot":0,"skewX":0,"skewY":180,"colorMode":"none","colorM":{"r":100,"g":100,"b":100,"a":100},"colorO":{"r":0,"g":0,"b":0,"a":0}},"mending":false,"dt":70}]},{"id":1,"layername":"npc_xbl","framestype":"element","frames":[{"frameid":0,"z":1,"einfo":{"ename":"cywll_xbldunxia_level01","eitem":"9","x":-122.4,"y":657.3,"sx":0.758087158203125,"sy":0.758087158203125,"rot":0,"skewX":0,"skewY":0,"colorMode":"none","colorM":{"r":100,"g":100,"b":100,"a":100},"colorO":{"r":0,"g":0,"b":0,"a":0}},"mending":false,"dt":9},{"frameid":9,"z":1,"einfo":{"ename":"XBL2019_CH_type1","eitem":"4","x":-122.4,"y":657.3,"sx":0.758087158203125,"sy":0.758087158203125,"rot":0,"skewX":0,"skewY":0,"colorMode":"none","colorM":{"r":100,"g":100,"b":100,"a":100},"colorO":{"r":0,"g":0,"b":0,"a":0}},"mending":false,"dt":43},{"frameid":52,"z":1,"einfo":{"ename":"cywll_xbldunxia_level01","eitem":"8","x":-122.4,"y":657.3,"sx":0.758087158203125,"sy":0.758087158203125,"rot":0,"skewX":0,"skewY":0,"colorMode":"none","colorM":{"r":100,"g":100,"b":100,"a":100},"colorO":{"r":0,"g":0,"b":0,"a":0}},"mending":false,"dt":18}]},{"id":0,"layername":"npc_fyxt","framestype":"element","frames":[{"frameid":0,"z":0,"einfo":{"ename":"cywll_fyxt_level01","eitem":"3","x":-402.1,"y":511.9,"sx":1,"sy":1,"rot":0,"skewX":0,"skewY":0,"colorMode":"none","colorM":{"r":100,"g":100,"b":100,"a":100},"colorO":{"r":0,"g":0,"b":0,"a":0}},"mending":false,"dt":52},{"frameid":52,"z":0,"einfo":{"ename":"cywll_fyxt_level01","eitem":"0","x":-402.1,"y":511.9,"sx":1,"sy":1,"rot":0,"skewX":0,"skewY":0,"colorMode":"none","colorM":{"r":100,"g":100,"b":100,"a":100},"colorO":{"r":0,"g":0,"b":0,"a":0}},"mending":false,"dt":18}]}]}