{"id":0,"name":"bgconfig_level01","common":{"frameRate":24,"totalDuration":1},"sceneInfo":{"width":768,"height":1024},"layers":[{"id":7,"layername":"camera","framestype":"element","frames":[{"frameid":0,"z":7,"einfo":{"ename":"camera_fix","x":384,"y":512,"sx":1,"sy":1,"rot":0,"skewX":0,"skewY":0,"colorMode":"none","colorM":{"r":100,"g":100,"b":100,"a":100},"colorO":{"r":0,"g":0,"b":0,"a":0}},"mending":false,"dt":1}]},{"id":6,"layername":"npc_saywll","framestype":"element","frames":[{"frameid":0,"z":6,"einfo":{"ename":"npc_saidnull","eitem":"8","x":250,"y":419.7,"sx":0.6944427490234375,"sy":0.6944427490234375,"rot":0,"skewX":0,"skewY":0,"colorMode":"none","colorM":{"r":100,"g":100,"b":100,"a":100},"colorO":{"r":0,"g":0,"b":0,"a":0}},"mending":false,"dt":1}]},{"id":5,"layername":"npc_wll","framestype":"element","frames":[{"frameid":0,"z":5,"einfo":{"ename":"cywll_wllback_level01","eitem":"0","x":-144.8,"y":164.1,"sx":2.3999481201171875,"sy":2.3999481201171875,"rot":0,"skewX":0,"skewY":0,"colorMode":"none","colorM":{"r":100,"g":100,"b":100,"a":100},"colorO":{"r":0,"g":0,"b":0,"a":0}},"mending":false,"dt":1}]},{"id":4,"layername":"npc_shu","framestype":"element","frames":[{"frameid":0,"z":4,"einfo":{"ename":"cywll_shu_level01","eitem":"0","x":338.8,"y":590.6,"sx":1,"sy":1,"rot":0,"skewX":0,"skewY":0,"colorMode":"none","colorM":{"r":100,"g":100,"b":100,"a":100},"colorO":{"r":0,"g":0,"b":0,"a":0}},"mending":false,"dt":1}]},{"id":3,"layername":"npc_shuzhi","framestype":"element","frames":[{"frameid":0,"z":3,"einfo":{"ename":"cywll_shuzhi_level01","eitem":"0","x":379.6,"y":752.3,"sx":1,"sy":1,"rot":0,"skewX":0,"skewY":0,"colorMode":"none","colorM":{"r":100,"g":100,"b":100,"a":100},"colorO":{"r":0,"g":0,"b":0,"a":0}},"mending":false,"dt":1}]},{"id":2,"layername":"npc_jling","framestype":"element","frames":[{"frameid":0,"z":2,"einfo":{"ename":"npc_hudie01","eitem":"0","x":314.4,"y":404.8,"sx":0.235870361328125,"sy":0.235870361328125,"rot":0,"skewX":0,"skewY":0,"colorMode":"none","colorM":{"r":100,"g":100,"b":100,"a":100},"colorO":{"r":0,"g":0,"b":0,"a":0}},"mending":false,"dt":1}]},{"id":1,"layername":"npc_xbl","framestype":"element","frames":[{"frameid":0,"z":1,"einfo":{"ename":"XBL2019_CH_type3_happy","eitem":"6","x":279.1,"y":437.9,"sx":0.1194000244140625,"sy":0.1194000244140625,"rot":0,"skewX":0,"skewY":180,"colorMode":"none","colorM":{"r":100,"g":100,"b":100,"a":100},"colorO":{"r":0,"g":0,"b":0,"a":0}},"mending":false,"dt":1}]},{"id":0,"layername":"bg","framestype":"pic","frames":[{"frameid":0,"z":0,"einfo":{"ename":"level02a_bg.jpg","x":23,"y":-152,"sx":1,"sy":1,"rot":0,"skewX":0,"skewY":0,"colorM":{},"colorO":{}},"mending":false,"dt":1}]}]}