{"id":3,"name":"cywll_level01a","common":{"frameRate":24,"totalDuration":170},"sceneInfo":{"width":768,"height":1024},"layers":[{"id":10,"layername":"sound1","framestype":"sound","frames":[{"frameid":0,"dt":80,"z":10,"mending":false},{"frameid":80,"name":"shache.mp3","mode":"repeat","loop":1,"dt":26},{"frameid":106,"dt":64,"z":10,"mending":false}]},{"id":9,"layername":"sound2","framestype":"","frames":[{"frameid":0,"dt":170,"z":10,"mending":false}]},{"id":8,"layername":"sound3","framestype":"sound","frames":[{"frameid":0,"name":"zuojiao.mp3","mode":"repeat","loop":1,"dt":6},{"frameid":6,"dt":1,"z":10,"mending":false},{"frameid":7,"name":"youjiao.mp3","mode":"repeat","loop":1,"dt":7},{"frameid":14,"dt":1,"z":10,"mending":false},{"frameid":15,"name":"zuojiao.mp3","mode":"repeat","loop":1,"dt":6},{"frameid":21,"dt":1,"z":10,"mending":false},{"frameid":22,"name":"youjiao.mp3","mode":"repeat","loop":1,"dt":7},{"frameid":29,"dt":1,"z":10,"mending":false},{"frameid":30,"name":"zuojiao.mp3","mode":"repeat","loop":1,"dt":6},{"frameid":36,"dt":1,"z":10,"mending":false},{"frameid":37,"name":"youjiao.mp3","mode":"repeat","loop":1,"dt":7},{"frameid":44,"dt":1,"z":10,"mending":false},{"frameid":45,"name":"zuojiao.mp3","mode":"repeat","loop":1,"dt":6},{"frameid":51,"dt":1,"z":10,"mending":false},{"frameid":52,"name":"youjiao.mp3","mode":"repeat","loop":1,"dt":7},{"frameid":59,"dt":1,"z":10,"mending":false},{"frameid":60,"name":"zuojiao.mp3","mode":"repeat","loop":1,"dt":6},{"frameid":66,"dt":1,"z":10,"mending":false},{"frameid":67,"name":"youjiao.mp3","mode":"repeat","loop":1,"dt":7},{"frameid":74,"dt":1,"z":10,"mending":false},{"frameid":75,"name":"zuojiao.mp3","mode":"repeat","loop":1,"dt":8},{"frameid":83,"dt":87,"z":10,"mending":false}]},{"id":7,"layername":"say_xxx","framestype":"sound","frames":[{"frameid":0,"name":"cywll01001a.mp3","mode":"repeat","loop":1,"dt":170}]},{"id":6,"layername":"say_xbl","framestype":"sound","frames":[{"frameid":0,"dt":112,"z":10,"mending":false},{"frameid":112,"name":"cywll01002.mp3","mode":"repeat","loop":1,"dt":49},{"frameid":161,"dt":9,"z":10,"mending":false}]},{"id":5,"layername":"camera","framestype":"element","frames":[{"frameid":0,"z":5,"einfo":{"ename":"camera_fix","x":384,"y":512,"sx":1,"sy":1,"rot":0,"skewX":0,"skewY":0,"colorMode":"none","colorM":{"r":100,"g":100,"b":100,"a":100},"colorO":{"r":0,"g":0,"b":0,"a":0}},"mending":true,"dt":37},{"frameid":37,"z":5,"einfo":{"ename":"camera_fix","x":1028.8,"y":512,"sx":1,"sy":1,"rot":0,"skewX":0,"skewY":0,"colorMode":"none","colorM":{"r":100,"g":100,"b":100,"a":100},"colorO":{"r":0,"g":0,"b":0,"a":0}},"mending":true,"dt":46},{"frameid":83,"z":5,"einfo":{"ename":"camera_fix","x":-238.8,"y":512,"sx":1,"sy":1,"rot":0,"skewX":0,"skewY":0,"colorMode":"none","colorM":{"r":100,"g":100,"b":100,"a":100},"colorO":{"r":0,"g":0,"b":0,"a":0}},"mending":false,"dt":87}]},{"id":4,"layername":"npc_sayxbl","framestype":"element","frames":[{"frameid":0,"z":4,"einfo":{"ename":"npc_saidnull","eitem":"8","x":-280,"y":499.9,"sx":0.5208282470703125,"sy":0.5208282470703125,"rot":0,"skewX":0,"skewY":0,"colorMode":"none","colorM":{"r":100,"g":100,"b":100,"a":100},"colorO":{"r":0,"g":0,"b":0,"a":0}},"mending":false,"dt":112},{"frameid":112,"z":4,"einfo":{"ename":"npc_saidnull","eitem":"6","x":-301.8,"y":464.9,"sx":0.5208282470703125,"sy":0.5208282470703125,"rot":0,"skewX":0,"skewY":0,"colorMode":"none","colorM":{"r":100,"g":100,"b":100,"a":100},"colorO":{"r":0,"g":0,"b":0,"a":0}},"mending":false,"dt":51},{"frameid":163,"z":4,"einfo":{"ename":"npc_saidnull","eitem":"8","x":-301.8,"y":464.9,"sx":0.5208282470703125,"sy":0.5208282470703125,"rot":0,"skewX":0,"skewY":0,"colorMode":"none","colorM":{"r":100,"g":100,"b":100,"a":100},"colorO":{"r":0,"g":0,"b":0,"a":0}},"mending":false,"dt":7}]},{"id":3,"layername":"npc_jling","framestype":"element","frames":[{"frameid":0,"z":3,"einfo":{"ename":"npc_hudie01","eitem":"0","x":478.6,"y":379.1,"sx":1.07183837890625,"sy":1.07183837890625,"rot":0,"skewX":0,"skewY":0,"colorMode":"none","colorM":{"r":100,"g":100,"b":100,"a":100},"colorO":{"r":0,"g":0,"b":0,"a":0}},"mending":true,"dt":25},{"frameid":25,"z":3,"einfo":{"ename":"npc_hudie01","eitem":"0","x":1128.5,"y":459.1,"sx":1.07183837890625,"sy":1.07183837890625,"rot":0,"skewX":0,"skewY":0,"colorMode":"none","colorM":{"r":100,"g":100,"b":100,"a":100},"colorO":{"r":0,"g":0,"b":0,"a":0}},"mending":false,"dt":1},{"frameid":26,"z":3,"einfo":{"ename":"npc_hudie01","eitem":"0","x":1179.5,"y":459.1,"sx":1.07183837890625,"sy":1.07183837890625,"rot":0,"skewX":0,"skewY":180,"colorMode":"none","colorM":{"r":100,"g":100,"b":100,"a":100},"colorO":{"r":0,"g":0,"b":0,"a":0}},"mending":true,"dt":12},{"frameid":38,"z":3,"einfo":{"ename":"npc_hudie01","eitem":"0","x":925.5,"y":359.1,"sx":1.07183837890625,"sy":1.07183837890625,"rot":0,"skewX":0,"skewY":180,"colorMode":"none","colorM":{"r":100,"g":100,"b":100,"a":100},"colorO":{"r":0,"g":0,"b":0,"a":0}},"mending":true,"dt":45},{"frameid":83,"z":3,"einfo":{"ename":"npc_hudie01","eitem":"0","x":-300.6,"y":459.1,"sx":1.07183837890625,"sy":1.07183837890625,"rot":0,"skewX":0,"skewY":180,"colorMode":"none","colorM":{"r":100,"g":100,"b":100,"a":100},"colorO":{"r":0,"g":0,"b":0,"a":0}},"mending":true,"dt":18},{"frameid":101,"z":3,"einfo":{"ename":"npc_hudie01","eitem":"0","x":-667.5,"y":369.1,"sx":1.07183837890625,"sy":1.07183837890625,"rot":0,"skewX":0,"skewY":180,"colorMode":"none","colorM":{"r":100,"g":100,"b":100,"a":100},"colorO":{"r":0,"g":0,"b":0,"a":0}},"mending":false,"dt":1},{"frameid":102,"z":3,"einfo":{"ename":"npc_hudie01","eitem":"1","x":-667.5,"y":369.1,"sx":1.07183837890625,"sy":1.07183837890625,"rot":0,"skewX":0,"skewY":180,"colorMode":"none","colorM":{"r":100,"g":100,"b":100,"a":100},"colorO":{"r":0,"g":0,"b":0,"a":0}},"mending":false,"dt":68}]},{"id":2,"layername":"npc_xbl","framestype":"element","frames":[{"frameid":0,"z":2,"einfo":{"ename":"XBL2019_CH_type3_happy","eitem":"6","x":308.9,"y":668.3,"sx":0.758087158203125,"sy":0.758087158203125,"rot":0,"skewX":0,"skewY":180,"colorMode":"none","colorM":{"r":100,"g":100,"b":100,"a":100},"colorO":{"r":0,"g":0,"b":0,"a":0}},"mending":true,"dt":37},{"frameid":37,"z":2,"einfo":{"ename":"XBL2019_CH_type3_happy","eitem":"6","x":1140.8,"y":668.3,"sx":0.758087158203125,"sy":0.758087158203125,"rot":0,"skewX":0,"skewY":180,"colorMode":"none","colorM":{"r":100,"g":100,"b":100,"a":100},"colorO":{"r":0,"g":0,"b":0,"a":0}},"mending":false,"dt":1},{"frameid":38,"z":2,"einfo":{"ename":"XBL2019_CH_type3_happy","eitem":"6","x":1139.8,"y":668.3,"sx":0.758087158203125,"sy":0.758087158203125,"rot":0,"skewX":0,"skewY":0,"colorMode":"none","colorM":{"r":100,"g":100,"b":100,"a":100},"colorO":{"r":0,"g":0,"b":0,"a":0}},"mending":true,"dt":45},{"frameid":83,"z":2,"einfo":{"ename":"cywll_xbldunxia_level01","eitem":"8","x":-75.2,"y":654.8,"sx":0.758087158203125,"sy":0.758087158203125,"rot":0,"skewX":0,"skewY":0,"colorMode":"none","colorM":{"r":100,"g":100,"b":100,"a":100},"colorO":{"r":0,"g":0,"b":0,"a":0}},"mending":true,"dt":18},{"frameid":101,"z":2,"einfo":{"ename":"cywll_xbldunxia_level01","eitem":"9","x":-185.4,"y":657.3,"sx":0.758087158203125,"sy":0.758087158203125,"rot":0,"skewX":0,"skewY":0,"colorMode":"none","colorM":{"r":100,"g":100,"b":100,"a":100},"colorO":{"r":0,"g":0,"b":0,"a":0}},"mending":false,"dt":69}]},{"id":1,"layername":"npc_djqy","framestype":"element","frames":[{"frameid":0,"dt":163,"z":10,"mending":false},{"frameid":163,"z":1,"einfo":{"ename":"jizhang_djquyu","eitem":"0","x":-403.4,"y":510.1,"sx":0.771514892578125,"sy":1,"rot":0,"skewX":0,"skewY":0,"colorMode":"none","colorM":{"r":100,"g":100,"b":100,"a":100},"colorO":{"r":0,"g":0,"b":0,"a":0}},"mending":false,"dt":7}]},{"id":0,"layername":"npc_fyxt","framestype":"element","frames":[{"frameid":0,"z":0,"einfo":{"ename":"cywll_fyxt_level01","eitem":"0","x":-402.1,"y":511.9,"sx":1,"sy":1,"rot":0,"skewX":0,"skewY":0,"colorMode":"none","colorM":{"r":100,"g":100,"b":100,"a":100},"colorO":{"r":0,"g":0,"b":0,"a":0}},"mending":false,"dt":170}]}]}