{
    "id": 4,
    "name": "mov_e",
    "common": {
        "frameRate": 24,
        "totalDuration": 24
    },
    "sceneInfo": {
        "width": 768,
        "height": 1024
    },
    "layers": [
        {
            "id": 3,
            "layername": "camera",
            "framestype": "element",
            "frames": [
                {
                    "frameid": 0,
                    "z": 3,
                    "einfo": {
                        "ename": "camera_fix",
                        "x": 359.9,
                        "y": 703,
                        "sx": 1,
                        "sy": 1,
                        "rot": 0,
                        "skewX": 0,
                        "skewY": 0,
                        "colorMode": "none",
                        "colorM": {
                            "r": 100,
                            "g": 100,
                            "b": 100,
                            "a": 100
                        },
                        "colorO": {
                            "r": 0,
                            "g": 0,
                            "b": 0,
                            "a": 0
                        }
                    },
                    "mending": false,
                    "ease": [],
                    "dt": 24
                }
            ]
        },
        {
            "id": 2,
            "layername": "npc_e",
            "framestype": "element",
            "frames": [
                {
                    "frameid": 0,
                    "z": 2,
                    "einfo": {
                        "ename": "E",
                        "eitem": "0",
                        "x": 628.1,
                        "y": 504.8,
                        "sx": 1,
                        "sy": 1,
                        "rot": 0,
                        "skewX": 0,
                        "skewY": 0,
                        "colorMode": "none",
                        "colorM": {
                            "r": 100,
                            "g": 100,
                            "b": 100,
                            "a": 100
                        },
                        "colorO": {
                            "r": 0,
                            "g": 0,
                            "b": 0,
                            "a": 0
                        }
                    },
                    "mending": true,
                    "ease": [],
                    "dt": 11
                },
                {
                    "frameid": 11,
                    "z": 2,
                    "einfo": {
                        "ename": "E",
                        "eitem": "0",
                        "x": 640.3,
                        "y": 335.7,
                        "sx": 1,
                        "sy": 1,
                        "rot": 0,
                        "skewX": 0,
                        "skewY": 0,
                        "colorMode": "none",
                        "colorM": {
                            "r": 100,
                            "g": 100,
                            "b": 100,
                            "a": 100
                        },
                        "colorO": {
                            "r": 0,
                            "g": 0,
                            "b": 0,
                            "a": 0
                        }
                    },
                    "mending": false,
                    "ease": [],
                    "dt": 1
                },
                {
                    "frameid": 12,
                    "z": 0,
                    "einfo": {
                        "ename": "E",
                        "eitem": "0",
                        "x": 640.3,
                        "y": 335.7,
                        "sx": 1,
                        "sy": 1,
                        "rot": 0,
                        "skewX": 0,
                        "skewY": 0,
                        "colorMode": "none",
                        "colorM": {
                            "r": 100,
                            "g": 100,
                            "b": 100,
                            "a": 100
                        },
                        "colorO": {
                            "r": 0,
                            "g": 0,
                            "b": 0,
                            "a": 0
                        }
                    },
                    "mending": true,
                    "ease": [],
                    "dt": 11
                },
                {
                    "frameid": 23,
                    "z": 0,
                    "einfo": {
                        "ename": "E",
                        "eitem": "0",
                        "x": 512.6,
                        "y": 369.6,
                        "sx": 1,
                        "sy": 1,
                        "rot": 0,
                        "skewX": 0,
                        "skewY": 0,
                        "colorMode": "none",
                        "colorM": {
                            "r": 100,
                            "g": 100,
                            "b": 100,
                            "a": 100
                        },
                        "colorO": {
                            "r": 0,
                            "g": 0,
                            "b": 0,
                            "a": 0
                        }
                    },
                    "mending": false,
                    "ease": [],
                    "dt": 1
                }
            ]
        },
        {
            "id": 1,
            "layername": "npc_a",
            "framestype": "element",
            "frames": [
                {
                    "frameid": 0,
                    "z": 1,
                    "einfo": {
                        "ename": "A",
                        "eitem": "0",
                        "x": 384,
                        "y": 434.3,
                        "sx": 1,
                        "sy": 1,
                        "rot": 0,
                        "skewX": 0,
                        "skewY": 0,
                        "colorMode": "none",
                        "colorM": {
                            "r": 100,
                            "g": 100,
                            "b": 100,
                            "a": 100
                        },
                        "colorO": {
                            "r": 0,
                            "g": 0,
                            "b": 0,
                            "a": 0
                        }
                    },
                    "mending": false,
                    "ease": [],
                    "dt": 24
                }
            ]
        }
    ]
}