{
    "id": 0,
    "name": "bgconfig_queue",
    "common": {
        "frameRate": 24,
        "totalDuration": 1
    },
    "sceneInfo": {
        "width": 768,
        "height": 1024
    },
    "layers": [
        {
            "id": 5,
            "layername": "camera",
            "framestype": "element",
            "frames": [
                {
                    "frameid": 0,
                    "z": 5,
                    "einfo": {
                        "ename": "camera_fix",
                        "x": 383.7,
                        "y": 511.9,
                        "sx": 1,
                        "sy": 1,
                        "rot": 0,
                        "skewX": 0,
                        "skewY": 0,
                        "colorMode": "none",
                        "colorM": {
                            "r": 100,
                            "g": 100,
                            "b": 100,
                            "a": 100
                        },
                        "colorO": {
                            "r": 0,
                            "g": 0,
                            "b": 0,
                            "a": 0
                        }
                    },
                    "mending": false,
                    "ease": [],
                    "dt": 1
                }
            ]
        },
        {
            "id": 4,
            "layername": "npc_b",
            "framestype": "element",
            "frames": [
                {
                    "frameid": 0,
                    "z": 4,
                    "einfo": {
                        "ename": "B",
                        "eitem": "0",
                        "x": 148.9,
                        "y": 504.8,
                        "sx": 1,
                        "sy": 1,
                        "rot": 0,
                        "skewX": 0,
                        "skewY": 0,
                        "colorMode": "none",
                        "colorM": {
                            "r": 100,
                            "g": 100,
                            "b": 100,
                            "a": 100
                        },
                        "colorO": {
                            "r": 0,
                            "g": 0,
                            "b": 0,
                            "a": 0
                        }
                    },
                    "mending": false,
                    "ease": [],
                    "dt": 1
                }
            ]
        },
        {
            "id": 3,
            "layername": "npc_c",
            "framestype": "element",
            "frames": [
                {
                    "frameid": 0,
                    "z": 3,
                    "einfo": {
                        "ename": "C",
                        "eitem": "0",
                        "x": 311.7,
                        "y": 504.8,
                        "sx": 1,
                        "sy": 1,
                        "rot": 0,
                        "skewX": 0,
                        "skewY": 0,
                        "colorMode": "none",
                        "colorM": {
                            "r": 100,
                            "g": 100,
                            "b": 100,
                            "a": 100
                        },
                        "colorO": {
                            "r": 0,
                            "g": 0,
                            "b": 0,
                            "a": 0
                        }
                    },
                    "mending": false,
                    "ease": [],
                    "dt": 1
                }
            ]
        },
        {
            "id": 2,
            "layername": "npc_d",
            "framestype": "element",
            "frames": [
                {
                    "frameid": 0,
                    "z": 2,
                    "einfo": {
                        "ename": "D",
                        "eitem": "0",
                        "x": 470.9,
                        "y": 504.8,
                        "sx": 1,
                        "sy": 1,
                        "rot": 0,
                        "skewX": 0,
                        "skewY": 0,
                        "colorMode": "none",
                        "colorM": {
                            "r": 100,
                            "g": 100,
                            "b": 100,
                            "a": 100
                        },
                        "colorO": {
                            "r": 0,
                            "g": 0,
                            "b": 0,
                            "a": 0
                        }
                    },
                    "mending": false,
                    "ease": [],
                    "dt": 1
                }
            ]
        },
        {
            "id": 1,
            "layername": "npc_e",
            "framestype": "element",
            "frames": [
                {
                    "frameid": 0,
                    "z": 1,
                    "einfo": {
                        "ename": "E",
                        "eitem": "0",
                        "x": 628.1,
                        "y": 504.8,
                        "sx": 1,
                        "sy": 1,
                        "rot": 0,
                        "skewX": 0,
                        "skewY": 0,
                        "colorMode": "none",
                        "colorM": {
                            "r": 100,
                            "g": 100,
                            "b": 100,
                            "a": 100
                        },
                        "colorO": {
                            "r": 0,
                            "g": 0,
                            "b": 0,
                            "a": 0
                        }
                    },
                    "mending": false,
                    "ease": [],
                    "dt": 1
                }
            ]
        },
        {
            "id": 0,
            "layername": "npc_a",
            "framestype": "element",
            "frames": [
                {
                    "frameid": 0,
                    "z": 0,
                    "einfo": {
                        "ename": "A",
                        "eitem": "0",
                        "x": 384,
                        "y": 434.3,
                        "sx": 1,
                        "sy": 1,
                        "rot": 0,
                        "skewX": 0,
                        "skewY": 0,
                        "colorMode": "none",
                        "colorM": {
                            "r": 100,
                            "g": 100,
                            "b": 100,
                            "a": 100
                        },
                        "colorO": {
                            "r": 0,
                            "g": 0,
                            "b": 0,
                            "a": 0
                        }
                    },
                    "mending": false,
                    "ease": [],
                    "dt": 1
                }
            ]
        }
    ]
}