{"ScenesList":[{"ID":"1571841406","Name":"未命名场景","MySceneInfoData":{"MyState":2,"SceneNodeID":"1571841406","PlayMentData":{"LuaScriptName":"","ProductConfigName":"","AnimationConfigName":""},"PLotData":{"BgConfigName":"Queue_BgConfig.json","ListOfNpcOptions":[{"NpcName":"npc_b","listOfOptions":[{"MyState":1,"Npc":"npc_b","ExData":"Queue_b.json","BornTimeStamp":""},{"MyState":2,"Npc":"npc_b","ExData":"STR_T_POINT","BornTimeStamp":""},{"MyState":1,"Npc":"npc_b","ExData":"Queue_e.json","BornTimeStamp":""},{"MyState":3,"Npc":"npc_b","ExData":"出口:9","BornTimeStamp":"9"}]},{"NpcName":"npc_c","listOfOptions":[]},{"NpcName":"npc_d","listOfOptions":[]},{"NpcName":"npc_e","listOfOptions":[]},{"NpcName":"npc_a","listOfOptions":[]}]}},"LinkersInfo":[{"State":1,"SceneNodeID":"1571841443","BornTimeStamp":"9","readNum_":0}]},{"ID":"1571841443","Name":"未命名场景","MySceneInfoData":{"MyState":1,"SceneNodeID":"1571841443","PlayMentData":{"LuaScriptName":"TestPlayMent.lua","ProductConfigName":"","AnimationConfigName":""},"PLotData":{"BgConfigName":"","ListOfNpcOptions":[]}},"LinkersInfo":[{"State":1,"SceneNodeID":"1571841406","BornTimeStamp":"","readNum_":2}]},{"ID":"1571841718","Name":"未命名场景","MySceneInfoData":{"MyState":2,"SceneNodeID":"1571841718","PlayMentData":{"LuaScriptName":"","ProductConfigName":"","AnimationConfigName":""},"PLotData":{"BgConfigName":"Queue_BgConfig.json","ListOfNpcOptions":[{"NpcName":"npc_b","listOfOptions":[{"MyState":1,"Npc":"npc_b","ExData":"Queue_b.json","BornTimeStamp":""},{"MyState":2,"Npc":"npc_b","ExData":"STR_T_POINT","BornTimeStamp":""},{"MyState":1,"Npc":"npc_b","ExData":"Queue_b.json","BornTimeStamp":""},{"MyState":3,"Npc":"npc_b","ExData":"出口:9","BornTimeStamp":"9"}]},{"NpcName":"npc_c","listOfOptions":[]},{"NpcName":"npc_d","listOfOptions":[]},{"NpcName":"npc_e","listOfOptions":[]},{"NpcName":"npc_a","listOfOptions":[]}]}},"LinkersInfo":[{"State":1,"SceneNodeID":"1571841748","BornTimeStamp":"9","readNum_":0}]},{"ID":"1571841748","Name":"未命名场景","MySceneInfoData":{"MyState":1,"SceneNodeID":"1571841748","PlayMentData":{"LuaScriptName":"TestPlayMent.lua","ProductConfigName":"","AnimationConfigName":""},"PLotData":{"BgConfigName":"","ListOfNpcOptions":[]}},"LinkersInfo":[{"State":1,"SceneNodeID":"1571841718","BornTimeStamp":"","readNum_":2}]}]}