{"ScenesList":[{"ID":"1573481312","Name":"Scene1","MySceneInfoData":{"MyState":2,"SceneNodeID":"1573481312","PlayMentData":{"LuaScriptName":"","ProductConfigName":"","AnimationConfigName":""},"PLotData":{"BgConfigName":"Level1_BgConfig.json","ListOfNpcOptions":[{"NpcName":"npc_saywll","listOfOptions":[]},{"NpcName":"npc_wll","listOfOptions":[{"MyState":1,"Npc":"npc_wll","ExData":"Level1_1.json","BornTimeStamp":""},{"MyState":3,"Npc":"npc_wll","ExData":"出口:9","BornTimeStamp":"9"}]},{"NpcName":"npc_shu","listOfOptions":[]},{"NpcName":"npc_shuzhi","listOfOptions":[]},{"NpcName":"npc_jling","listOfOptions":[]},{"NpcName":"npc_xbl","listOfOptions":[]}]}},"LinkersInfo":[{"State":1,"SceneNodeID":"1573481811","BornTimeStamp":"9","readNum_":0}]},{"ID":"1573481811","Name":"Scene2","MySceneInfoData":{"MyState":2,"SceneNodeID":"1573481811","PlayMentData":{"LuaScriptName":"","ProductConfigName":"","AnimationConfigName":""},"PLotData":{"BgConfigName":"Level2_BgConfig.json","ListOfNpcOptions":[{"NpcName":"npc_sayxbl","listOfOptions":[]},{"NpcName":"npc_cao","listOfOptions":[]},{"NpcName":"npc_jling","listOfOptions":[]},{"NpcName":"npc_xbl","listOfOptions":[{"MyState":1,"Npc":"npc_xbl","ExData":"Level2_1.json","BornTimeStamp":""},{"MyState":3,"Npc":"npc_xbl","ExData":"出口:9","BornTimeStamp":"9"}]},{"NpcName":"npc_djqy","listOfOptions":[]},{"NpcName":"npc_fyxt","listOfOptions":[]}]}},"LinkersInfo":[{"State":1,"SceneNodeID":"1573481853","BornTimeStamp":"9","readNum_":0}]},{"ID":"1573481853","Name":"Scene3","MySceneInfoData":{"MyState":2,"SceneNodeID":"1573481853","PlayMentData":{"LuaScriptName":"","ProductConfigName":"","AnimationConfigName":""},"PLotData":{"BgConfigName":"Level3_BgConfig.json","ListOfNpcOptions":[{"NpcName":"npc_shuye","listOfOptions":[]},{"NpcName":"npc_cao","listOfOptions":[]},{"NpcName":"npc_jling","listOfOptions":[]},{"NpcName":"npc_yan","listOfOptions":[]},{"NpcName":"npc_xbl","listOfOptions":[{"MyState":1,"Npc":"npc_xbl","ExData":"Level3_1.json","BornTimeStamp":""},{"MyState":3,"Npc":"npc_xbl","ExData":"出口:9","BornTimeStamp":"9"}]},{"NpcName":"npc_fyxt","listOfOptions":[]}]}},"LinkersInfo":[{"State":1,"SceneNodeID":"1573481312","BornTimeStamp":"9","readNum_":0}]}],"StartSceneID":"1573481312"}