{"StartSceneID":"1573481853","ScenesList":[{"ID":"1573481312","Name":"Scene1","X":1034.86414,"Y":573.841248,"Z":0.0,"MySceneInfoData":{"MyState":2,"SceneNodeID":"1573481312","PlayMentData":{"LuaScriptName":"","ProductConfigName":"","AnimationConfigName":""},"PLotData":{"BgConfigName":"Level1_BgConfig.json","ListOfNpcOptions":[{"NpcName":"npc_saywll","listOfOptions":[]},{"NpcName":"npc_wll","listOfOptions":[{"MyState":1,"Npc":"npc_wll","ExData":"Level1_1.json","BornTimeStamp":""},{"MyState":2,"Npc":"npc_wll","ExData":"STR_T_POINT","BornTimeStamp":""},{"MyState":1,"Npc":"npc_wll","ExData":"Level1_1.json","BornTimeStamp":""},{"MyState":3,"Npc":"npc_wll","ExData":"出口:9","BornTimeStamp":"9"}]},{"NpcName":"npc_shu","listOfOptions":[]},{"NpcName":"npc_shuzhi","listOfOptions":[]},{"NpcName":"npc_jling","listOfOptions":[]},{"NpcName":"npc_xbl","listOfOptions":[]}]}},"LinkersInfo":[{"State":0,"SceneNodeID":"-1","BornTimeStamp":"9","readNum_":0}],"IsPlaying":false},{"ID":"1573481811","Name":"Scene2","X":529.2706,"Y":282.7422,"Z":0.0,"MySceneInfoData":{"MyState":2,"SceneNodeID":"1573481811","PlayMentData":{"LuaScriptName":"","ProductConfigName":"","AnimationConfigName":""},"PLotData":{"BgConfigName":"Level2_BgConfig.json","ListOfNpcOptions":[{"NpcName":"npc_sayxbl","listOfOptions":[]},{"NpcName":"npc_cao","listOfOptions":[]},{"NpcName":"npc_jling","listOfOptions":[{"MyState":2,"Npc":"npc_jling","ExData":"STR_T_POINT","BornTimeStamp":""},{"MyState":3,"Npc":"npc_jling","ExData":"出口:1","BornTimeStamp":"1"}]},{"NpcName":"npc_xbl","listOfOptions":[{"MyState":1,"Npc":"npc_xbl","ExData":"Level2_1.json","BornTimeStamp":""},{"MyState":3,"Npc":"npc_xbl","ExData":"出口:9","BornTimeStamp":"9"}]},{"NpcName":"npc_djqy","listOfOptions":[]},{"NpcName":"npc_fyxt","listOfOptions":[]}]}},"LinkersInfo":[{"State":1,"SceneNodeID":"1573481853","BornTimeStamp":"9","readNum_":0},{"State":1,"SceneNodeID":"1573481312","BornTimeStamp":"1","readNum_":0}],"IsPlaying":false},{"ID":"1573481853","Name":"Scene3","X":243.743042,"Y":629.553955,"Z":0.0,"MySceneInfoData":{"MyState":2,"SceneNodeID":"1573481853","PlayMentData":{"LuaScriptName":"","ProductConfigName":"","AnimationConfigName":""},"PLotData":{"BgConfigName":"Level3_BgConfig.json","ListOfNpcOptions":[{"NpcName":"npc_shuye","listOfOptions":[]},{"NpcName":"npc_cao","listOfOptions":[]},{"NpcName":"npc_jling","listOfOptions":[]},{"NpcName":"npc_yan","listOfOptions":[]},{"NpcName":"npc_xbl","listOfOptions":[{"MyState":1,"Npc":"npc_xbl","ExData":"Level3_1.json","BornTimeStamp":""},{"MyState":3,"Npc":"npc_xbl","ExData":"出口:9","BornTimeStamp":"9"}]},{"NpcName":"npc_fyxt","listOfOptions":[]}]}},"LinkersInfo":[{"State":1,"SceneNodeID":"1573481811","BornTimeStamp":"9","readNum_":0}],"IsPlaying":false},{"ID":"1573726606","Name":"未命名场景","X":725.658264,"Y":697.802063,"Z":0.0,"MySceneInfoData":{"MyState":1,"SceneNodeID":"1573726606","PlayMentData":{"LuaScriptName":"TestPlayMent.lua","ProductConfigName":"","AnimationConfigName":""},"PLotData":{"BgConfigName":"","ListOfNpcOptions":[]}},"LinkersInfo":[{"State":0,"SceneNodeID":"-1","BornTimeStamp":"","readNum_":2}],"IsPlaying":false}]}