{"StartSceneID":"1572607273","ScenesList":[{"ID":"1572605070","Name":"a1a","X":165.812561,"Y":540.707153,"Z":0.0,"MySceneInfoData":{"MyState":2,"SceneNodeID":"1572605070","PlayMentData":{"LuaScriptName":"","ProductConfigName":"","AnimationConfigName":""},"PLotData":{"BgConfigName":"Queue_BgConfig.json","ListOfNpcOptions":[{"NpcName":"npc_b","listOfOptions":[{"MyState":2,"Npc":"npc_b","ExData":"STR_T_POINT","BornTimeStamp":""},{"MyState":3,"Npc":"npc_b","ExData":"出口:9","BornTimeStamp":"9"}]},{"NpcName":"npc_c","listOfOptions":[{"MyState":1,"Npc":"npc_c","ExData":"Queue_b.json","BornTimeStamp":""},{"MyState":1,"Npc":"npc_c","ExData":"Queue_c.json","BornTimeStamp":""}]},{"NpcName":"npc_d","listOfOptions":[]},{"NpcName":"npc_e","listOfOptions":[]},{"NpcName":"npc_a","listOfOptions":[]}]}},"LinkersInfo":[{"State":1,"SceneNodeID":"1573210472","BornTimeStamp":"9","readNum_":0}],"IsPlaying":false},{"ID":"1572607273","Name":"a1b","X":163.661224,"Y":178.58252,"Z":0.0,"MySceneInfoData":{"MyState":2,"SceneNodeID":"1572607273","PlayMentData":{"LuaScriptName":"","ProductConfigName":"","AnimationConfigName":""},"PLotData":{"BgConfigName":"Queue_BgConfig.json","ListOfNpcOptions":[{"NpcName":"npc_b","listOfOptions":[]},{"NpcName":"npc_c","listOfOptions":[{"MyState":1,"Npc":"npc_c","ExData":"Queue_c.json","BornTimeStamp":""},{"MyState":1,"Npc":"npc_c","ExData":"Queue_b.json","BornTimeStamp":""},{"MyState":2,"Npc":"npc_c","ExData":"STR_T_POINT","BornTimeStamp":""},{"MyState":3,"Npc":"npc_c","ExData":"出口:8","BornTimeStamp":"8"}]},{"NpcName":"npc_d","listOfOptions":[]},{"NpcName":"npc_e","listOfOptions":[]},{"NpcName":"npc_a","listOfOptions":[]}]}},"LinkersInfo":[{"State":1,"SceneNodeID":"1572605070","BornTimeStamp":"8","readNum_":0}],"IsPlaying":false},{"ID":"1572608345","Name":"a1","X":2203.438,"Y":260.457031,"Z":0.0,"MySceneInfoData":{"MyState":2,"SceneNodeID":"1572608345","PlayMentData":{"LuaScriptName":"","ProductConfigName":"","AnimationConfigName":""},"PLotData":{"BgConfigName":"Queue_BgConfig.json","ListOfNpcOptions":[{"NpcName":"","listOfOptions":[{"MyState":1,"Npc":"npc_b","ExData":"Queue_b.json","BornTimeStamp":""},{"MyState":3,"Npc":"npc_b","ExData":"出口:9","BornTimeStamp":""}]},{"NpcName":"","listOfOptions":[{"MyState":1,"Npc":"npc_c","ExData":"Queue_c.json","BornTimeStamp":""},{"MyState":3,"Npc":"npc_c","ExData":"出口:8","BornTimeStamp":""}]},{"NpcName":"","listOfOptions":[]},{"NpcName":"","listOfOptions":[]},{"NpcName":"","listOfOptions":[]}]}},"LinkersInfo":[{"State":0,"SceneNodeID":"-1","BornTimeStamp":"","readNum_":0},{"State":0,"SceneNodeID":"-1","BornTimeStamp":"","readNum_":0}],"IsPlaying":false},{"ID":"1573210472","Name":"p1","X":857.9762,"Y":650.4463,"Z":0.0,"MySceneInfoData":{"MyState":1,"SceneNodeID":"1573210472","PlayMentData":{"LuaScriptName":"TestPlayMent.lua","ProductConfigName":"","AnimationConfigName":""},"PLotData":{"BgConfigName":"","ListOfNpcOptions":[]}},"LinkersInfo":[{"State":1,"SceneNodeID":"1572605070","BornTimeStamp":"","readNum_":2}],"IsPlaying":false},{"ID":"1573211625","Name":"Empty1","X":398.3461,"Y":346.8117,"Z":0.0,"MySceneInfoData":{"MyState":0,"SceneNodeID":"1573211625","PlayMentData":{"LuaScriptName":"","ProductConfigName":"","AnimationConfigName":""},"PLotData":{"BgConfigName":"","ListOfNpcOptions":[]}},"LinkersInfo":[],"IsPlaying":false},{"ID":"1573211628","Name":"Empty2","X":813.405945,"Y":402.524475,"Z":0.0,"MySceneInfoData":{"MyState":2,"SceneNodeID":"1573211628","PlayMentData":{"LuaScriptName":"","ProductConfigName":"","AnimationConfigName":""},"PLotData":{"BgConfigName":"","ListOfNpcOptions":[]}},"LinkersInfo":[],"IsPlaying":false},{"ID":"1573213511","Name":"p2","X":775.799866,"Y":186.637665,"Z":0.0,"MySceneInfoData":{"MyState":1,"SceneNodeID":"1573213511","PlayMentData":{"LuaScriptName":"TestPlayMent.lua","ProductConfigName":"","AnimationConfigName":""},"PLotData":{"BgConfigName":"","ListOfNpcOptions":[]}},"LinkersInfo":[],"IsPlaying":false}]}