{"ScenesList":[{"ID":"1572605070","Name":"a1a","X":488.879333,"Y":147.638733,"Z":0.0,"MySceneInfoData":{"MyState":2,"SceneNodeID":"1572605070","PlayMentData":{"LuaScriptName":"","ProductConfigName":"","AnimationConfigName":""},"PLotData":{"BgConfigName":"Queue_BgConfig.json","ListOfNpcOptions":[{"NpcName":"npc_b","listOfOptions":[{"MyState":1,"Npc":"npc_b","ExData":"Queue_b.json","BornTimeStamp":""},{"MyState":3,"Npc":"npc_b","ExData":"出口:9","BornTimeStamp":"9"}]},{"NpcName":"npc_c","listOfOptions":[]},{"NpcName":"npc_d","listOfOptions":[]},{"NpcName":"npc_e","listOfOptions":[]},{"NpcName":"npc_a","listOfOptions":[]}]}},"LinkersInfo":[{"State":0,"SceneNodeID":"-1","BornTimeStamp":"9","readNum_":0}],"IsPlaying":false},{"ID":"1572607082","Name":"a1","X":1412.31726,"Y":228.421631,"Z":0.0,"MySceneInfoData":{"MyState":2,"SceneNodeID":"1572607082","PlayMentData":{"LuaScriptName":"","ProductConfigName":"","AnimationConfigName":""},"PLotData":{"BgConfigName":"Queue_BgConfig.json","ListOfNpcOptions":[{"NpcName":"","listOfOptions":[{"MyState":1,"Npc":"npc_b","ExData":"Queue_b.json","BornTimeStamp":""},{"MyState":3,"Npc":"npc_b","ExData":"出口:9","BornTimeStamp":""}]},{"NpcName":"","listOfOptions":[{"MyState":1,"Npc":"npc_c","ExData":"Queue_c.json","BornTimeStamp":""},{"MyState":3,"Npc":"npc_c","ExData":"出口:8","BornTimeStamp":""}]},{"NpcName":"","listOfOptions":[]},{"NpcName":"","listOfOptions":[]},{"NpcName":"","listOfOptions":[]}]}},"LinkersInfo":[{"State":0,"SceneNodeID":"-1","BornTimeStamp":"","readNum_":0},{"State":0,"SceneNodeID":"-1","BornTimeStamp":"","readNum_":0}],"IsPlaying":false},{"ID":"1572607273","Name":"a1b","X":747.9438,"Y":520.9142,"Z":0.0,"MySceneInfoData":{"MyState":2,"SceneNodeID":"1572607273","PlayMentData":{"LuaScriptName":"","ProductConfigName":"","AnimationConfigName":""},"PLotData":{"BgConfigName":"Queue_BgConfig.json","ListOfNpcOptions":[{"NpcName":"npc_b","listOfOptions":[{"MyState":1,"Npc":"npc_b","ExData":"Queue_b.json","BornTimeStamp":""},{"MyState":3,"Npc":"npc_b","ExData":"出口:9","BornTimeStamp":""}]},{"NpcName":"npc_c","listOfOptions":[{"MyState":1,"Npc":"npc_c","ExData":"Queue_c.json","BornTimeStamp":""},{"MyState":3,"Npc":"npc_c","ExData":"出口:9","BornTimeStamp":"9"}]},{"NpcName":"npc_d","listOfOptions":[]},{"NpcName":"npc_e","listOfOptions":[]},{"NpcName":"npc_a","listOfOptions":[]}]}},"LinkersInfo":[{"State":1,"SceneNodeID":"1572605070","BornTimeStamp":"9","readNum_":0}],"IsPlaying":false},{"ID":"1572607616","Name":"a1","X":1221.5011,"Y":516.736,"Z":0.0,"MySceneInfoData":{"MyState":2,"SceneNodeID":"1572607616","PlayMentData":{"LuaScriptName":"","ProductConfigName":"","AnimationConfigName":""},"PLotData":{"BgConfigName":"Queue_BgConfig.json","ListOfNpcOptions":[{"NpcName":"npc_b","listOfOptions":[{"MyState":1,"Npc":"npc_b","ExData":"Queue_b.json","BornTimeStamp":""},{"MyState":3,"Npc":"npc_b","ExData":"出口:9","BornTimeStamp":"9"}]},{"NpcName":"npc_c","listOfOptions":[{"MyState":1,"Npc":"npc_c","ExData":"Queue_c.json","BornTimeStamp":""},{"MyState":3,"Npc":"npc_c","ExData":"出口:8","BornTimeStamp":"8"}]},{"NpcName":"npc_d","listOfOptions":[]},{"NpcName":"npc_e","listOfOptions":[]},{"NpcName":"npc_a","listOfOptions":[]}]}},"LinkersInfo":[{"State":1,"SceneNodeID":"1572607273","BornTimeStamp":"9","readNum_":0},{"State":1,"SceneNodeID":"1572607082","BornTimeStamp":"8","readNum_":0}],"IsPlaying":false},{"ID":"1572608345","Name":"a1","X":2203.438,"Y":260.457031,"Z":0.0,"MySceneInfoData":{"MyState":2,"SceneNodeID":"1572608345","PlayMentData":{"LuaScriptName":"","ProductConfigName":"","AnimationConfigName":""},"PLotData":{"BgConfigName":"Queue_BgConfig.json","ListOfNpcOptions":[{"NpcName":"","listOfOptions":[{"MyState":1,"Npc":"npc_b","ExData":"Queue_b.json","BornTimeStamp":""},{"MyState":3,"Npc":"npc_b","ExData":"出口:9","BornTimeStamp":""}]},{"NpcName":"","listOfOptions":[{"MyState":1,"Npc":"npc_c","ExData":"Queue_c.json","BornTimeStamp":""},{"MyState":3,"Npc":"npc_c","ExData":"出口:8","BornTimeStamp":""}]},{"NpcName":"","listOfOptions":[]},{"NpcName":"","listOfOptions":[]},{"NpcName":"","listOfOptions":[]}]}},"LinkersInfo":[{"State":0,"SceneNodeID":"-1","BornTimeStamp":"","readNum_":0},{"State":0,"SceneNodeID":"-1","BornTimeStamp":"","readNum_":0}],"IsPlaying":false},{"ID":"1572608354","Name":"a1","X":1444.353,"Y":417.845581,"Z":0.0,"MySceneInfoData":{"MyState":2,"SceneNodeID":"1572608354","PlayMentData":{"LuaScriptName":"","ProductConfigName":"","AnimationConfigName":""},"PLotData":{"BgConfigName":"Queue_BgConfig.json","ListOfNpcOptions":[{"NpcName":"","listOfOptions":[{"MyState":1,"Npc":"npc_b","ExData":"Queue_b.json","BornTimeStamp":""},{"MyState":3,"Npc":"npc_b","ExData":"出口:9","BornTimeStamp":""}]},{"NpcName":"","listOfOptions":[{"MyState":1,"Npc":"npc_c","ExData":"Queue_c.json","BornTimeStamp":""},{"MyState":3,"Npc":"npc_c","ExData":"出口:8","BornTimeStamp":""}]},{"NpcName":"","listOfOptions":[]},{"NpcName":"","listOfOptions":[]},{"NpcName":"","listOfOptions":[]}]}},"LinkersInfo":[{"State":0,"SceneNodeID":"-1","BornTimeStamp":"","readNum_":0},{"State":0,"SceneNodeID":"-1","BornTimeStamp":"","readNum_":0}],"IsPlaying":false},{"ID":"1572610523","Name":"未命名场景","X":473.558075,"Y":619.8041,"Z":0.0,"MySceneInfoData":{"MyState":0,"SceneNodeID":"1572610523","PlayMentData":{"LuaScriptName":"","ProductConfigName":"","AnimationConfigName":""},"PLotData":{"BgConfigName":"","ListOfNpcOptions":[]}},"LinkersInfo":[],"IsPlaying":false},{"ID":"1572617339","Name":"a1","X":1352.426,"Y":734.015747,"Z":0.0,"MySceneInfoData":{"MyState":2,"SceneNodeID":"1572617339","PlayMentData":{"LuaScriptName":"","ProductConfigName":"","AnimationConfigName":""},"PLotData":{"BgConfigName":"Queue_BgConfig.json","ListOfNpcOptions":[{"NpcName":"npc_b","listOfOptions":[{"MyState":1,"Npc":"npc_b","ExData":"Queue_b.json","BornTimeStamp":""},{"MyState":3,"Npc":"npc_b","ExData":"出口:9","BornTimeStamp":"9"}]},{"NpcName":"npc_c","listOfOptions":[{"MyState":1,"Npc":"npc_c","ExData":"Queue_c.json","BornTimeStamp":""},{"MyState":3,"Npc":"npc_c","ExData":"出口:8","BornTimeStamp":"8"}]},{"NpcName":"npc_d","listOfOptions":[]},{"NpcName":"npc_e","listOfOptions":[]},{"NpcName":"npc_a","listOfOptions":[]}]}},"LinkersInfo":[{"State":0,"SceneNodeID":"-1","BornTimeStamp":"9","readNum_":0},{"State":0,"SceneNodeID":"-1","BornTimeStamp":"8","readNum_":0}],"IsPlaying":false}]}