<dragonBones name="cywll_xbl_zsfs" frameRate="24" version="2.3">
 <armature name="cywll_xblz_level0501">
  <bone name="XBL2019_yin">
   <transform x="-2.05" y="113.75" skX="0" skY="0" scX="0.7347" scY="2.0692"/>
  </bone>
  <bone name="XBL2019_foot_08" parent="XBL2019_ZH_tui_Xfay02">
   <transform x="-30.25" y="131.95" skX="174.59" skY="177.86" scX="0.7469" scY="0.6853"/>
  </bone>
  <bone name="XBL2019_ZH_tui_Xfay02" parent="cywll_xblst_level05">
   <transform x="-31.8" y="91.15" skX="-1.82" skY="4.43" scX="-0.9407" scY="0.8705"/>
  </bone>
  <bone name="XBL2019_foot_08_0">
   <transform x="28.85" y="133.15" skX="-178.52" skY="-179.85" scX="-0.747" scY="0.6844"/>
  </bone>
  <bone name="XBL2019_ZH_tui_Xfay02_0">
   <transform x="34.8" y="90.1" skX="6.1" skY="-4.44" scX="0.9382" scY="0.8825"/>
  </bone>
  <bone name="XBL2019_banwen_tui_00">
   <transform x="-31.9" y="124.8" skX="-6.74" skY="0" scX="-0.5515" scY="0.2755"/>
  </bone>
  <bone name="XBL2019_banwen_tui_00_0">
   <transform x="34.5" y="124.2" skX="6.74" skY="0" scX="0.5515" scY="0.2755"/>
  </bone>
  <bone name="XBL2019_wei_mov03" parent="cywll_xblst_level05">
   <transform x="-6.8" y="94.75" skX="7.49" skY="4.26" scX="-0.8417" scY="0.9056"/>
  </bone>
  <bone name="XBL2019_ZH_O_jianguanjie">
   <transform x="-34.5" y="45.65" skX="64.2" skY="49.47" scX="-0.6107" scY="0.7405"/>
  </bone>
  <bone name="XBL2019_O_shouguanjie" parent="XBL2019_BCH_shoubi_S_L">
   <transform x="-58.7" y="57.7" skX="59.01" skY="57.39" scX="-0.9995" scY="0.7377"/>
  </bone>
  <bone name="XBL2019_ZH_shoubi_S">
   <transform x="-34.1" y="43.75" skX="59.01" skY="57.39" scX="-0.9995" scY="0.7377"/>
  </bone>
  <bone name="XBL2019_ZH_shoubi_X">
   <transform x="-59" y="57.9" skX="59.01" skY="57.39" scX="-0.9995" scY="0.7377"/>
  </bone>
  <bone name="XBL2019_banwen_shou_00">
   <transform x="-67.65" y="52.55" skX="59.01" skY="57.39" scX="-0.9995" scY="0.7377"/>
  </bone>
  <bone name="XBL2019_hand_00">
   <transform x="-77.1" y="68.5" skX="56.9" skY="56.9" scX="-0.964" scY="0.964"/>
  </bone>
  <bone name="XBL2019_ZH_shen_X">
   <transform x="-1" y="85.45" skX="0" skY="0" scX="1.0124" scY="0.8239"/>
  </bone>
  <bone name="XBL2019_ZH_O_jianguanjie_0">
   <transform x="39" y="45.65" skX="-64.2" skY="-49.47" scX="0.6107" scY="0.7405"/>
  </bone>
  <bone name="XBL2019_O_shouguanjie_0" parent="XBL2019_BCH_shoubi_S_L_0">
   <transform x="63.2" y="57.7" skX="-59.01" skY="-57.39" scX="0.9995" scY="0.7377"/>
  </bone>
  <bone name="XBL2019_ZH_shoubi_S_0">
   <transform x="38.6" y="43.75" skX="-59.01" skY="-57.39" scX="0.9995" scY="0.7377"/>
  </bone>
  <bone name="XBL2019_ZH_shoubi_X_0">
   <transform x="63.5" y="57.9" skX="-59.01" skY="-57.39" scX="0.9995" scY="0.7377"/>
  </bone>
  <bone name="XBL2019_banwen_shou_00_0">
   <transform x="72.15" y="52.55" skX="-59.01" skY="-57.39" scX="0.9995" scY="0.7377"/>
  </bone>
  <bone name="XBL2019_hand_00_0">
   <transform x="81.6" y="68.5" skX="-56.9" skY="-56.9" scX="0.964" scY="0.964"/>
  </bone>
  <bone name="XBL2019_ZH_shen_S">
   <transform x="-0.3" y="82.05" skX="0" skY="0" scX="1.0124" scY="0.7319"/>
  </bone>
  <bone name="XBL2019_ZH_banwen_duzi">
   <transform x="-0.4" y="96.65" skX="0" skY="0" scX="1" scY="0.6501"/>
  </bone>
  <bone name="XBL2019_yu">
   <transform x="-2.85" y="80.5" skX="0" skY="0" scX="0.7485" scY="0.5736"/>
  </bone>
  <bone name="XBL2019_ZH_sheng">
   <transform x="-2.25" y="46.9" skX="0" skY="0" scX="1.3162" scY="1.4932"/>
  </bone>
  <bone name="XBL2019_ZH_fa_X">
   <transform x="-96.75" y="5.15" skX="-1.51" skY="3.03" scX="-0.9791" scY="0.9849"/>
  </bone>
  <bone name="XBL2019_ZH_fa_S">
   <transform x="-95" y="-55.35" skX="0" skY="-6.85" scX="-0.9837" scY="0.9832"/>
  </bone>
  <bone name="XBL2019_ZH_fa_X_0">
   <transform x="94.55" y="5.35" skX="0" skY="-2.8" scX="1.0127" scY="0.9832"/>
  </bone>
  <bone name="XBL2019_ZH_fa_S_0">
   <transform x="91.9" y="-55.15" skX="0.51" skY="6.86" scX="1.0072" scY="0.9822"/>
  </bone>
  <bone name="XBL2019_ZH_chujiao">
   <transform x="-69.55" y="-128.1" skX="-49.24" skY="-49.24" scX="-1" scY="1"/>
  </bone>
  <bone name="XBL2019_ZH_er">
   <transform x="-81.05" y="-112.1" skX="19.72" skY="19.72" scX="-1" scY="1"/>
  </bone>
  <bone name="XBL2019_ZH_chujiao_0">
   <transform x="66.5" y="-128.1" skX="46.51" skY="46.51" scX="1" scY="1"/>
  </bone>
  <bone name="XBL2019_ZH_er_0">
   <transform x="78" y="-112.05" skX="-22.73" skY="-22.73" scX="1" scY="1"/>
  </bone>
  <bone name="XBL2019_ZH_lian_S">
   <transform x="-1.4" y="-10.35" skX="0" skY="0" scX="1" scY="1"/>
  </bone>
  <bone name="XBL2019_ZH_lian_X">
   <transform x="-1.4" y="3.75" skX="0" skY="0" scX="1" scY="1.1309"/>
  </bone>
  <bone name="XBL2019_ZH_fa_D">
   <transform x="-1.25" y="-147.7" skX="-6.5" skY="-1.13" scX="0.9987" scY="1.0058"/>
  </bone>
  <bone name="sp_mouse">
   <transform x="-1.4" y="22.85" skX="0" skY="0" scX="1" scY="1"/>
  </bone>
  <bone name="XBL2019_ZH_bi">
   <transform x="-1.4" y="-4.75" skX="0" skY="0" scX="1" scY="1"/>
  </bone>
  <bone name="XBL2019_mei">
   <transform x="56.4" y="-112.15" skX="0" skY="0" scX="1" scY="1"/>
  </bone>
  <bone name="XBL2019_mei_0">
   <transform x="-59.05" y="-112.15" skX="0" skY="0" scX="-1" scY="1"/>
  </bone>
  <bone name="XBL2019_yan_L_mov01">
   <transform x="60" y="-28.85" skX="0" skY="0" scX="1" scY="1"/>
  </bone>
  <bone name="XBL2019_yan_R_mov01">
   <transform x="-62.7" y="-27.4" skX="0" skY="0" scX="1" scY="1"/>
  </bone>
  <bone name="XBL2019_banwen_lian">
   <transform x="91.3" y="14.65" skX="0" skY="0" scX="1" scY="1"/>
  </bone>
  <bone name="XBL2019_banwen_lian_0">
   <transform x="-94.1" y="14.6" skX="0" skY="0" scX="-1" scY="1"/>
  </bone>
  <skin name="default">
   <slot name="XBL2019_yin" parent="XBL2019_yin" z="0">
    <display name="XBL2019_yin" type="image">
     <transform x="-0.1" y="-0.1" skX="0" skY="0" scX="1" scY="1" pX="115.85" pY="33.4"/>
    </display>
   </slot>
   <slot name="XBL2019_foot_08" parent="XBL2019_foot_08" z="1">
    <display name="XBL2019_foot_08" type="image">
     <transform x="0.35" y="-0.05" skX="0" skY="0" scX="1" scY="1" pX="29.2" pY="23.4"/>
    </display>
   </slot>
   <slot name="XBL2019_ZH_tui_Xfay02" parent="XBL2019_ZH_tui_Xfay02" z="2">
    <display name="XBL2019_ZH_tui_Xfay02" type="image">
     <transform x="-1.85" y="22.75" skX="0" skY="0" scX="1" scY="1" pX="24.95" pY="27.3"/>
    </display>
   </slot>
   <slot name="XBL2019_foot_08_0" parent="XBL2019_foot_08_0" z="3">
    <display name="XBL2019_foot_08" type="image">
     <transform x="0.35" y="-0.05" skX="0" skY="0" scX="1" scY="1" pX="29.2" pY="23.4"/>
    </display>
   </slot>
   <slot name="XBL2019_ZH_tui_Xfay02_0" parent="XBL2019_ZH_tui_Xfay02_0" z="4">
    <display name="XBL2019_ZH_tui_Xfay02" type="image">
     <transform x="-2.05" y="22.95" skX="0" skY="0" scX="1" scY="1" pX="24.95" pY="27.3"/>
    </display>
   </slot>
   <slot name="XBL2019_banwen_tui_00" parent="XBL2019_banwen_tui_00" z="5">
    <display name="XBL2019_banwen_tui_00" type="image">
     <transform x="-0.1" y="0" skX="0" skY="0" scX="1" scY="1" pX="10.25" pY="9.65"/>
    </display>
   </slot>
   <slot name="XBL2019_banwen_tui_00_0" parent="XBL2019_banwen_tui_00_0" z="6">
    <display name="XBL2019_banwen_tui_00" type="image">
     <transform x="-0.1" y="0" skX="0" skY="0" scX="1" scY="1" pX="10.25" pY="9.65"/>
    </display>
   </slot>
   <slot name="XBL2019_wei_mov03" parent="XBL2019_wei_mov03" z="7">
    <display name="XBL2019_wei_mov03" type="armature">
     <transform x="-9.1" y="-4.35" skX="0" skY="0" scX="1" scY="1"/>
    </display>
   </slot>
   <slot name="XBL2019_ZH_O_jianguanjie" parent="XBL2019_ZH_O_jianguanjie" z="8">
    <display name="XBL2019_ZH_O_jianguanjie" type="image">
     <transform x="-0.25" y="-0.25" skX="0" skY="0" scX="1" scY="1" pX="24.7" pY="24.7"/>
    </display>
   </slot>
   <slot name="XBL2019_O_shouguanjie" parent="XBL2019_O_shouguanjie" z="9">
    <display name="XBL2019_O_shouguanjie" type="image">
     <transform x="0.05" y="-0.25" skX="0" skY="0" scX="1" scY="1" pX="16.5" pY="16.5"/>
    </display>
   </slot>
   <slot name="XBL2019_ZH_shoubi_S" parent="XBL2019_ZH_shoubi_S" z="10">
    <display name="XBL2019_ZH_shoubi_S" type="image">
     <transform x="0.15" y="7.7" skX="0" skY="0" scX="1" scY="1" pX="16.9" pY="8.65"/>
    </display>
   </slot>
   <slot name="XBL2019_ZH_shoubi_X" parent="XBL2019_ZH_shoubi_X" z="11">
    <display name="XBL2019_ZH_shoubi_X" type="image">
     <transform x="0" y="15.5" skX="0" skY="0" scX="1" scY="1" pX="16.15" pY="16.6"/>
    </display>
   </slot>
   <slot name="XBL2019_banwen_shou_00" parent="XBL2019_banwen_shou_00" z="12">
    <display name="XBL2019_banwen_shou_00" type="image">
     <transform x="0" y="-0.3" skX="0" skY="0" scX="1" scY="1" pX="4.4" pY="7.85"/>
    </display>
   </slot>
   <slot name="XBL2019_hand_00" parent="XBL2019_hand_00" z="13">
    <display name="XBL2019_hand_00" type="image">
     <transform x="0.05" y="15.75" skX="0" skY="0" scX="1" scY="1" pX="14.25" pY="17.65"/>
    </display>
   </slot>
   <slot name="XBL2019_ZH_shen_X" parent="XBL2019_ZH_shen_X" z="14">
    <display name="XBL2019_ZH_shen_X" type="image">
     <transform x="0.05" y="-0.05" skX="0" skY="0" scX="1" scY="1" pX="57.25" pY="48.05"/>
    </display>
   </slot>
   <slot name="XBL2019_ZH_O_jianguanjie_0" parent="XBL2019_ZH_O_jianguanjie_0" z="15">
    <display name="XBL2019_ZH_O_jianguanjie" type="image">
     <transform x="-0.25" y="-0.3" skX="0" skY="0" scX="1" scY="1" pX="24.7" pY="24.7"/>
    </display>
   </slot>
   <slot name="XBL2019_O_shouguanjie_0" parent="XBL2019_O_shouguanjie_0" z="16">
    <display name="XBL2019_O_shouguanjie" type="image">
     <transform x="0.05" y="-0.25" skX="0" skY="0" scX="1" scY="1" pX="16.5" pY="16.5"/>
    </display>
   </slot>
   <slot name="XBL2019_ZH_shoubi_S_0" parent="XBL2019_ZH_shoubi_S_0" z="17">
    <display name="XBL2019_ZH_shoubi_S" type="image">
     <transform x="0.2" y="7.7" skX="0" skY="0" scX="1" scY="1" pX="16.9" pY="8.65"/>
    </display>
   </slot>
   <slot name="XBL2019_ZH_shoubi_X_0" parent="XBL2019_ZH_shoubi_X_0" z="18">
    <display name="XBL2019_ZH_shoubi_X" type="image">
     <transform x="-0.05" y="15.45" skX="0" skY="0" scX="1" scY="1" pX="16.15" pY="16.6"/>
    </display>
   </slot>
   <slot name="XBL2019_banwen_shou_00_0" parent="XBL2019_banwen_shou_00_0" z="19">
    <display name="XBL2019_banwen_shou_00" type="image">
     <transform x="-0.05" y="-0.25" skX="0" skY="0" scX="1" scY="1" pX="4.4" pY="7.85"/>
    </display>
   </slot>
   <slot name="XBL2019_hand_00_0" parent="XBL2019_hand_00_0" z="20">
    <display name="XBL2019_hand_00" type="image">
     <transform x="0.05" y="15.75" skX="0" skY="0" scX="1" scY="1" pX="14.25" pY="17.65"/>
    </display>
   </slot>
   <slot name="XBL2019_ZH_shen_S" parent="XBL2019_ZH_shen_S" z="21">
    <display name="XBL2019_ZH_shen_S" type="image">
     <transform x="-0.65" y="-36.3" skX="0" skY="0" scX="1" scY="1" pX="57.2" pY="37.05"/>
    </display>
   </slot>
   <slot name="XBL2019_ZH_banwen_duzi" parent="XBL2019_ZH_banwen_duzi" z="22">
    <display name="XBL2019_ZH_banwen_duzi" type="image">
     <transform x="0" y="-0.3" skX="0" skY="0" scX="1" scY="1" pX="43.55" pY="40.45"/>
    </display>
   </slot>
   <slot name="XBL2019_yu" parent="XBL2019_yu" z="23">
    <display name="XBL2019_yu" type="image">
     <transform x="-0.05" y="15.45" skX="0" skY="0" scX="1" scY="1" pX="17.75" pY="20.2"/>
    </display>
   </slot>
   <slot name="XBL2019_ZH_sheng" parent="XBL2019_ZH_sheng" z="24">
    <display name="XBL2019_ZH_sheng" type="image">
     <transform x="0" y="13.1" skX="0" skY="0" scX="1" scY="1" pX="32.6" pY="13.35"/>
    </display>
   </slot>
   <slot name="XBL2019_ZH_fa_X" parent="XBL2019_ZH_fa_X" z="25">
    <display name="XBL2019_ZH_fa_X" type="image">
     <transform x="16.1" y="0.15" skX="0" skY="0" scX="1" scY="1" pX="34.9" pY="45.1"/>
    </display>
   </slot>
   <slot name="XBL2019_ZH_fa_S" parent="XBL2019_ZH_fa_S" z="26">
    <display name="XBL2019_ZH_fa_S" type="image">
     <transform x="29.45" y="0.1" skX="0" skY="0" scX="1" scY="1" pX="45.7" pY="70.05"/>
    </display>
   </slot>
   <slot name="XBL2019_ZH_fa_X_0" parent="XBL2019_ZH_fa_X_0" z="27">
    <display name="XBL2019_ZH_fa_X" type="image">
     <transform x="16.05" y="0.05" skX="0" skY="0" scX="1" scY="1" pX="34.9" pY="45.1"/>
    </display>
   </slot>
   <slot name="XBL2019_ZH_fa_S_0" parent="XBL2019_ZH_fa_S_0" z="28">
    <display name="XBL2019_ZH_fa_S" type="image">
     <transform x="29.45" y="0.15" skX="0" skY="0" scX="1" scY="1" pX="45.7" pY="70.05"/>
    </display>
   </slot>
   <slot name="XBL2019_ZH_chujiao" parent="XBL2019_ZH_chujiao" z="29">
    <display name="XBL2019_ZH_chujiao" type="image">
     <transform x="0.05" y="-43.65" skX="0" skY="0" scX="1" scY="1" pX="23.25" pY="44.8"/>
    </display>
   </slot>
   <slot name="XBL2019_ZH_er" parent="XBL2019_ZH_er" z="30">
    <display name="XBL2019_ZH_er" type="image">
     <transform x="18.7" y="0" skX="0" skY="0" scX="1" scY="1" pX="18.85" pY="13"/>
    </display>
   </slot>
   <slot name="XBL2019_ZH_chujiao_0" parent="XBL2019_ZH_chujiao_0" z="31">
    <display name="XBL2019_ZH_chujiao" type="image">
     <transform x="0.05" y="-43.65" skX="0" skY="0" scX="1" scY="1" pX="23.25" pY="44.8"/>
    </display>
   </slot>
   <slot name="XBL2019_ZH_er_0" parent="XBL2019_ZH_er_0" z="32">
    <display name="XBL2019_ZH_er" type="image">
     <transform x="18.75" y="-0.05" skX="0" skY="0" scX="1" scY="1" pX="18.85" pY="13"/>
    </display>
   </slot>
   <slot name="XBL2019_ZH_lian_S" parent="XBL2019_ZH_lian_S" z="33">
    <display name="XBL2019_ZH_lian_S" type="image">
     <transform x="0" y="-74.4" skX="0" skY="0" scX="1" scY="1" pX="111" pY="77.15"/>
    </display>
   </slot>
   <slot name="XBL2019_ZH_lian_X" parent="XBL2019_ZH_lian_X" z="34">
    <display name="XBL2019_ZH_lian_X" type="image">
     <transform x="0" y="0" skX="0" skY="0" scX="1" scY="1" pX="117.65" pY="56.35"/>
    </display>
   </slot>
   <slot name="XBL2019_ZH_fa_D" parent="XBL2019_ZH_fa_D" z="35">
    <display name="XBL2019_ZH_fa_D" type="image">
     <transform x="0" y="-23.65" skX="0" skY="0" scX="1" scY="1" pX="40.25" pY="24.45"/>
    </display>
   </slot>
   <slot name="sp_mouse" parent="sp_mouse" z="36">
    <display name="XBL2019_ZH_zui_normal" type="armature">
     <transform x="0" y="0" skX="0" skY="0" scX="1" scY="1"/>
    </display>
   </slot>
   <slot name="XBL2019_ZH_bi" parent="XBL2019_ZH_bi" z="37">
    <display name="XBL2019_ZH_bi" type="image">
     <transform x="0" y="0" skX="0" skY="0" scX="1" scY="1" pX="17.95" pY="5.9"/>
    </display>
   </slot>
   <slot name="XBL2019_mei" parent="XBL2019_mei" z="38">
    <display name="XBL2019_mei" type="image">
     <transform x="0" y="0" skX="0" skY="0" scX="1" scY="1" pX="23.9" pY="9.7"/>
    </display>
   </slot>
   <slot name="XBL2019_mei_0" parent="XBL2019_mei_0" z="39">
    <display name="XBL2019_mei" type="image">
     <transform x="0" y="0" skX="0" skY="0" scX="1" scY="1" pX="23.9" pY="9.7"/>
    </display>
   </slot>
   <slot name="XBL2019_yan_L_mov01" parent="XBL2019_yan_L_mov01" z="40">
    <display name="XBL2019_yan_L_mov01" type="armature">
     <transform x="0" y="0" skX="0" skY="0" scX="1" scY="1"/>
    </display>
   </slot>
   <slot name="XBL2019_yan_R_mov01" parent="XBL2019_yan_R_mov01" z="41">
    <display name="XBL2019_yan_R_mov01" type="armature">
     <transform x="0" y="0" skX="0" skY="0" scX="1" scY="1"/>
    </display>
   </slot>
   <slot name="XBL2019_banwen_lian" parent="XBL2019_banwen_lian" z="42">
    <display name="XBL2019_banwen_lian" type="image">
     <transform x="0" y="0" skX="0" skY="0" scX="1" scY="1" pX="25.35" pY="23.15"/>
    </display>
   </slot>
   <slot name="XBL2019_banwen_lian_0" parent="XBL2019_banwen_lian_0" z="43">
    <display name="XBL2019_banwen_lian" type="image">
     <transform x="0" y="0" skX="0" skY="0" scX="1" scY="1" pX="25.35" pY="23.15"/>
    </display>
   </slot>
  </skin>
  <animation name="0" fadeInTime="0" duration="2" scale="18" loop="0" autoTween="1" tweenEasing="NaN">
   <timeline name="XBL2019_yin" scale="1" offset="0">
    <frame z="0" duration="2">
     <transform x="-2.05" y="113.75" skX="0" skY="0" scX="0.7347" scY="2.0692" pX="0" pY="0"/>
    </frame>
   </timeline>
   <timeline name="XBL2019_foot_08" scale="1" offset="0">
    <frame z="1" duration="1">
     <transform x="-30.25" y="131.95" skX="174.59" skY="177.86" scX="0.7469" scY="0.6853" pX="0" pY="0"/>
    </frame>
    <frame z="1" duration="1">
     <transform x="-30.25" y="131.95" skX="174.59" skY="177.86" scX="0.7469" scY="0.6853" pX="0" pY="0"/>
    </frame>
   </timeline>
   <timeline name="XBL2019_ZH_tui_Xfay02" scale="1" offset="0">
    <frame z="2" duration="1">
     <transform x="-31.8" y="91.15" skX="-1.82" skY="4.43" scX="-0.9407" scY="0.8705" pX="0" pY="0"/>
    </frame>
    <frame z="2" duration="1">
     <transform x="-34.45" y="91.15" skX="-5.09" skY="4.41" scX="-0.9448" scY="0.8735" pX="0" pY="-0.05"/>
    </frame>
   </timeline>
   <timeline name="XBL2019_foot_08_0" scale="1" offset="0">
    <frame z="3" duration="1">
     <transform x="28.85" y="133.15" skX="-178.52" skY="-179.85" scX="-0.747" scY="0.6844" pX="0" pY="0"/>
    </frame>
    <frame z="3" duration="1">
     <transform x="28.85" y="133.15" skX="-178.52" skY="-179.85" scX="-0.747" scY="0.6844" pX="0" pY="0"/>
    </frame>
   </timeline>
   <timeline name="XBL2019_ZH_tui_Xfay02_0" scale="1" offset="0">
    <frame z="4" duration="1">
     <transform x="34.8" y="90.1" skX="6.1" skY="-4.44" scX="0.9382" scY="0.8825" pX="0" pY="0"/>
    </frame>
    <frame z="4" duration="1">
     <transform x="35.7" y="90.1" skX="7.14" skY="-4.44" scX="0.9396" scY="0.8843" pX="-0.05" pY="-0.05"/>
    </frame>
   </timeline>
   <timeline name="XBL2019_banwen_tui_00" scale="1" offset="0">
    <frame z="5" duration="1">
     <transform x="-31.9" y="124.8" skX="-6.74" skY="0" scX="-0.5515" scY="0.2755" pX="0" pY="0"/>
    </frame>
    <frame z="5" duration="1">
     <transform x="-32.65" y="124.8" skX="-9.95" skY="0" scX="-0.5515" scY="0.2778" pX="-0.1" pY="0"/>
    </frame>
   </timeline>
   <timeline name="XBL2019_banwen_tui_00_0" scale="1" offset="0">
    <frame z="6" duration="1">
     <transform x="34.5" y="124.2" skX="6.74" skY="0" scX="0.5515" scY="0.2755" pX="0" pY="0"/>
    </frame>
    <frame z="6" duration="1">
     <transform x="34.75" y="124.2" skX="7.77" skY="0" scX="0.5515" scY="0.2762" pX="0" pY="0"/>
    </frame>
   </timeline>
   <timeline name="XBL2019_wei_mov03" scale="1" offset="0">
    <frame z="7" duration="1">
     <transform x="-6.8" y="94.75" skX="7.49" skY="4.26" scX="-0.8417" scY="0.9056" pX="0" pY="0"/>
    </frame>
    <frame z="7" duration="1">
     <transform x="-6.8" y="96.05" skX="7.49" skY="4.26" scX="-0.8417" scY="0.9056" pX="0" pY="-0.05"/>
    </frame>
   </timeline>
   <timeline name="XBL2019_ZH_O_jianguanjie" scale="1" offset="0">
    <frame z="8" duration="1">
     <transform x="-34.5" y="45.65" skX="64.2" skY="49.47" scX="-0.6107" scY="0.7405" pX="0" pY="0"/>
    </frame>
    <frame z="8" duration="1">
     <transform x="-35.2" y="46.95" skX="69.71" skY="54.97" scX="-0.6107" scY="0.7405" pX="0.05" pY="-0.1"/>
    </frame>
   </timeline>
   <timeline name="XBL2019_O_shouguanjie" scale="1" offset="0">
    <frame z="9" duration="1">
     <transform x="-58.7" y="57.7" skX="59.01" skY="57.39" scX="-0.9995" scY="0.7377" pX="0" pY="0"/>
    </frame>
    <frame z="9" duration="1">
     <transform x="-60.4" y="55.95" skX="64.51" skY="62.9" scX="-0.9995" scY="0.7377" pX="0" pY="-0.05"/>
    </frame>
   </timeline>
   <timeline name="XBL2019_ZH_shoubi_S" scale="1" offset="0">
    <frame z="10" duration="1">
     <transform x="-34.1" y="43.75" skX="59.01" skY="57.39" scX="-0.9995" scY="0.7377" pX="0" pY="0"/>
    </frame>
    <frame z="10" duration="1">
     <transform x="-34.65" y="45.1" skX="64.51" skY="62.9" scX="-0.9995" scY="0.7377" pX="0.05" pY="-0.1"/>
    </frame>
   </timeline>
   <timeline name="XBL2019_ZH_shoubi_X" scale="1" offset="0">
    <frame z="11" duration="1">
     <transform x="-59" y="57.9" skX="59.01" skY="57.39" scX="-0.9995" scY="0.7377" pX="0" pY="0"/>
    </frame>
    <frame z="11" duration="1">
     <transform x="-60.75" y="56.15" skX="64.51" skY="62.9" scX="-0.9995" scY="0.7377" pX="0" pY="-0.15"/>
    </frame>
   </timeline>
   <timeline name="XBL2019_banwen_shou_00" scale="1" offset="0">
    <frame z="12" duration="1">
     <transform x="-67.65" y="52.55" skX="59.01" skY="57.39" scX="-0.9995" scY="0.7377" pX="0" pY="0"/>
    </frame>
    <frame z="12" duration="1">
     <transform x="-68.8" y="49.95" skX="64.51" skY="62.9" scX="-0.9995" scY="0.7377" pX="-0.05" pY="-0.05"/>
    </frame>
   </timeline>
   <timeline name="XBL2019_hand_00" scale="1" offset="0">
    <frame z="13" duration="1">
     <transform x="-77.1" y="68.5" skX="56.9" skY="56.9" scX="-0.964" scY="0.964" pX="0" pY="0"/>
    </frame>
    <frame z="13" duration="1">
     <transform x="-79.8" y="64.95" skX="73.12" skY="73.12" scX="-0.964" scY="0.964" pX="-0.05" pY="-0.1"/>
    </frame>
   </timeline>
   <timeline name="XBL2019_ZH_shen_X" scale="1" offset="0">
    <frame z="14" duration="1">
     <transform x="-1" y="85.45" skX="0" skY="0" scX="1.0124" scY="0.8239" pX="0" pY="0"/>
    </frame>
    <frame z="14" duration="1">
     <transform x="-1" y="86.75" skX="0" skY="0" scX="1.0124" scY="0.8239" pX="0" pY="-0.05"/>
    </frame>
   </timeline>
   <timeline name="XBL2019_ZH_O_jianguanjie_0" scale="1" offset="0">
    <frame z="15" duration="1">
     <transform x="39" y="45.65" skX="-64.2" skY="-49.47" scX="0.6107" scY="0.7405" pX="0" pY="0"/>
    </frame>
    <frame z="15" duration="1">
     <transform x="39.5" y="47" skX="-68.14" skY="-53.41" scX="0.6107" scY="0.7405" pX="0" pY="0"/>
    </frame>
   </timeline>
   <timeline name="XBL2019_O_shouguanjie_0" scale="1" offset="0">
    <frame z="16" duration="1">
     <transform x="63.2" y="57.7" skX="-59.01" skY="-57.39" scX="0.9995" scY="0.7377" pX="0" pY="0"/>
    </frame>
    <frame z="16" duration="1">
     <transform x="64.45" y="56.7" skX="-62.95" skY="-61.33" scX="0.9995" scY="0.7377" pX="-0.05" pY="-0.1"/>
    </frame>
   </timeline>
   <timeline name="XBL2019_ZH_shoubi_S_0" scale="1" offset="0">
    <frame z="17" duration="1">
     <transform x="38.6" y="43.75" skX="-59.01" skY="-57.39" scX="0.9995" scY="0.7377" pX="0" pY="0"/>
    </frame>
    <frame z="17" duration="1">
     <transform x="39" y="45.15" skX="-62.95" skY="-61.33" scX="0.9995" scY="0.7377" pX="0" pY="-0.05"/>
    </frame>
   </timeline>
   <timeline name="XBL2019_ZH_shoubi_X_0" scale="1" offset="0">
    <frame z="18" duration="1">
     <transform x="63.5" y="57.9" skX="-59.01" skY="-57.39" scX="0.9995" scY="0.7377" pX="0" pY="0"/>
    </frame>
    <frame z="18" duration="1">
     <transform x="64.75" y="56.9" skX="-62.95" skY="-61.33" scX="0.9995" scY="0.7377" pX="-0.05" pY="0.05"/>
    </frame>
   </timeline>
   <timeline name="XBL2019_banwen_shou_00_0" scale="1" offset="0">
    <frame z="19" duration="1">
     <transform x="72.15" y="52.55" skX="-59.01" skY="-57.39" scX="0.9995" scY="0.7377" pX="0" pY="0"/>
    </frame>
    <frame z="19" duration="1">
     <transform x="73.05" y="50.95" skX="-62.95" skY="-61.33" scX="0.9995" scY="0.7377" pX="0" pY="-0.15"/>
    </frame>
   </timeline>
   <timeline name="XBL2019_hand_00_0" scale="1" offset="0">
    <frame z="20" duration="1">
     <transform x="81.6" y="68.5" skX="-56.9" skY="-56.9" scX="0.964" scY="0.964" pX="0" pY="0"/>
    </frame>
    <frame z="20" duration="1">
     <transform x="83.55" y="66.3" skX="-72.04" skY="-72.04" scX="0.964" scY="0.964" pX="0.1" pY="-0.1"/>
    </frame>
   </timeline>
   <timeline name="XBL2019_ZH_shen_S" scale="1" offset="0">
    <frame z="21" duration="1">
     <transform x="-0.3" y="82.05" skX="0" skY="0" scX="1.0124" scY="0.7319" pX="0" pY="0"/>
    </frame>
    <frame z="21" duration="1">
     <transform x="-0.3" y="84" skX="0" skY="0" scX="1.0124" scY="0.7319" pX="0" pY="0"/>
    </frame>
   </timeline>
   <timeline name="XBL2019_ZH_banwen_duzi" scale="1" offset="0">
    <frame z="22" duration="1">
     <transform x="-0.4" y="96.65" skX="0" skY="0" scX="1" scY="0.6501" pX="0" pY="0"/>
    </frame>
    <frame z="22" duration="1">
     <transform x="-0.4" y="97.95" skX="0" skY="0" scX="1" scY="0.6501" pX="0" pY="0.05"/>
    </frame>
   </timeline>
   <timeline name="XBL2019_yu" scale="1" offset="0">
    <frame z="23" duration="1">
     <transform x="-2.85" y="80.5" skX="0" skY="0" scX="0.7485" scY="0.5736" pX="0" pY="0"/>
    </frame>
    <frame z="23" duration="1">
     <transform x="-2.85" y="81.8" skX="0" skY="0" scX="0.7485" scY="0.5736" pX="0" pY="0.05"/>
    </frame>
   </timeline>
   <timeline name="XBL2019_ZH_sheng" scale="1" offset="0">
    <frame z="24" duration="1">
     <transform x="-2.25" y="46.9" skX="0" skY="0" scX="1.3162" scY="1.4932" pX="0" pY="0"/>
    </frame>
    <frame z="24" duration="1">
     <transform x="-2.25" y="48.2" skX="0" skY="0" scX="1.3162" scY="1.4932" pX="0" pY="-0.05"/>
    </frame>
   </timeline>
   <timeline name="XBL2019_ZH_fa_X" scale="1" offset="0">
    <frame z="25" duration="1">
     <transform x="-96.75" y="5.15" skX="-1.51" skY="3.03" scX="-0.9791" scY="0.9849" pX="0" pY="0"/>
    </frame>
    <frame z="25" duration="1">
     <transform x="-96.85" y="6.85" skX="-1.48" skY="11.26" scX="-1.0007" scY="1.0017" pX="-0.1" pY="-0.05"/>
    </frame>
   </timeline>
   <timeline name="XBL2019_ZH_fa_S" scale="1" offset="0">
    <frame z="26" duration="1">
     <transform x="-95" y="-55.35" skX="0" skY="-6.85" scX="-0.9837" scY="0.9832" pX="0" pY="0"/>
    </frame>
    <frame z="26" duration="1">
     <transform x="-95" y="-54.8" skX="0" skY="3.04" scX="-0.978" scY="1" pX="0" pY="-0.05"/>
    </frame>
   </timeline>
   <timeline name="XBL2019_ZH_fa_X_0" scale="1" offset="0">
    <frame z="27" duration="1">
     <transform x="94.55" y="5.35" skX="0" skY="-2.8" scX="1.0127" scY="0.9832" pX="0" pY="0"/>
    </frame>
    <frame z="27" duration="1">
     <transform x="94.6" y="7.4" skX="0" skY="-9.76" scX="1.0263" scY="1" pX="-0.05" pY="0"/>
    </frame>
   </timeline>
   <timeline name="XBL2019_ZH_fa_S_0" scale="1" offset="0">
    <frame z="28" duration="1">
     <transform x="91.9" y="-55.15" skX="0.51" skY="6.86" scX="1.0072" scY="0.9822" pX="0" pY="0"/>
    </frame>
    <frame z="28" duration="1">
     <transform x="91.95" y="-53.4" skX="0.5" skY="1.69" scX="1.0013" scY="0.999" pX="-0.1" pY="0"/>
    </frame>
   </timeline>
   <timeline name="XBL2019_ZH_chujiao" scale="1" offset="0">
    <frame z="29" duration="1">
     <transform x="-69.55" y="-128.1" skX="-49.24" skY="-49.24" scX="-1" scY="1" pX="0" pY="0"/>
    </frame>
    <frame z="29" duration="1">
     <transform x="-69.55" y="-126.2" skX="-37.77" skY="-37.77" scX="-1" scY="1" pX="-0.05" pY="0"/>
    </frame>
   </timeline>
   <timeline name="XBL2019_ZH_er" scale="1" offset="0">
    <frame z="30" duration="1">
     <transform x="-81.05" y="-112.1" skX="19.72" skY="19.72" scX="-1" scY="1" pX="0" pY="0"/>
    </frame>
    <frame z="30" duration="1">
     <transform x="-81.05" y="-110.15" skX="34.2" skY="34.2" scX="-1" scY="1" pX="0.05" pY="0"/>
    </frame>
   </timeline>
   <timeline name="XBL2019_ZH_chujiao_0" scale="1" offset="0">
    <frame z="31" duration="1">
     <transform x="66.5" y="-128.1" skX="46.51" skY="46.51" scX="1" scY="1" pX="0" pY="0"/>
    </frame>
    <frame z="31" duration="1">
     <transform x="66.5" y="-126.2" skX="37.03" skY="37.03" scX="1" scY="1" pX="0" pY="0.05"/>
    </frame>
   </timeline>
   <timeline name="XBL2019_ZH_er_0" scale="1" offset="0">
    <frame z="32" duration="1">
     <transform x="78" y="-112.05" skX="-22.73" skY="-22.73" scX="1" scY="1" pX="0" pY="0"/>
    </frame>
    <frame z="32" duration="1">
     <transform x="78" y="-110.15" skX="-36.17" skY="-36.17" scX="1" scY="1" pX="-0.05" pY="0.05"/>
    </frame>
   </timeline>
   <timeline name="XBL2019_ZH_lian_S" scale="1" offset="0">
    <frame z="33" duration="1">
     <transform x="-1.4" y="-10.35" skX="0" skY="0" scX="1" scY="1" pX="0" pY="0"/>
    </frame>
    <frame z="33" duration="1">
     <transform x="-1.4" y="-8.4" skX="0" skY="0" scX="1" scY="1" pX="0" pY="0"/>
    </frame>
   </timeline>
   <timeline name="XBL2019_ZH_lian_X" scale="1" offset="0">
    <frame z="34" duration="1">
     <transform x="-1.4" y="3.75" skX="0" skY="0" scX="1" scY="1.1309" pX="0" pY="0"/>
    </frame>
    <frame z="34" duration="1">
     <transform x="-1.4" y="13.05" skX="0" skY="0" scX="1" scY="1" pX="0" pY="0"/>
    </frame>
   </timeline>
   <timeline name="XBL2019_ZH_fa_D" scale="1" offset="0">
    <frame z="35" duration="1">
     <transform x="-1.25" y="-147.7" skX="-6.5" skY="-1.13" scX="0.9987" scY="1.0058" pX="0" pY="0"/>
    </frame>
    <frame z="35" duration="1">
     <transform x="-1.25" y="-145.75" skX="-6.5" skY="-1.13" scX="0.9987" scY="1.0058" pX="-0.05" pY="0.05"/>
    </frame>
   </timeline>
   <timeline name="sp_mouse" scale="1" offset="0">
    <frame z="36" duration="1">
     <transform x="-1.4" y="22.85" skX="0" skY="0" scX="1" scY="1" pX="0" pY="0"/>
    </frame>
    <frame z="36" duration="1">
     <transform x="-1.4" y="28.7" skX="0" skY="0" scX="1" scY="1" pX="0" pY="0"/>
    </frame>
   </timeline>
   <timeline name="XBL2019_ZH_bi" scale="1" offset="0">
    <frame z="37" duration="1">
     <transform x="-1.4" y="-4.75" skX="0" skY="0" scX="1" scY="1" pX="0" pY="0"/>
    </frame>
    <frame z="37" duration="1">
     <transform x="-1.4" y="1.1" skX="0" skY="0" scX="1" scY="1" pX="0" pY="0"/>
    </frame>
   </timeline>
   <timeline name="XBL2019_mei" scale="1" offset="0">
    <frame z="38" duration="1">
     <transform x="56.4" y="-112.15" skX="0" skY="0" scX="1" scY="1" pX="0" pY="0"/>
    </frame>
    <frame z="38" duration="1">
     <transform x="56.4" y="-106.3" skX="0" skY="0" scX="1" scY="1" pX="0" pY="0"/>
    </frame>
   </timeline>
   <timeline name="XBL2019_mei_0" scale="1" offset="0">
    <frame z="39" duration="1">
     <transform x="-59.05" y="-112.15" skX="0" skY="0" scX="-1" scY="1" pX="0" pY="0"/>
    </frame>
    <frame z="39" duration="1">
     <transform x="-59.05" y="-106.3" skX="0" skY="0" scX="-1" scY="1" pX="0" pY="0"/>
    </frame>
   </timeline>
   <timeline name="XBL2019_yan_L_mov01" scale="1" offset="0">
    <frame z="40" duration="1">
     <transform x="60" y="-28.85" skX="0" skY="0" scX="1" scY="1" pX="0" pY="0"/>
    </frame>
    <frame z="40" duration="1">
     <transform x="60" y="-23" skX="0" skY="0" scX="1" scY="1" pX="0" pY="0"/>
    </frame>
   </timeline>
   <timeline name="XBL2019_yan_R_mov01" scale="1" offset="0">
    <frame z="41" duration="1">
     <transform x="-62.7" y="-27.4" skX="0" skY="0" scX="1" scY="1" pX="0" pY="0"/>
    </frame>
    <frame z="41" duration="1">
     <transform x="-62.7" y="-21.55" skX="0" skY="0" scX="1" scY="1" pX="0" pY="0"/>
    </frame>
   </timeline>
   <timeline name="XBL2019_banwen_lian" scale="1" offset="0">
    <frame z="42" duration="1">
     <transform x="91.3" y="14.65" skX="0" skY="0" scX="1" scY="1" pX="0" pY="0"/>
    </frame>
    <frame z="42" duration="1">
     <transform x="91.3" y="20.5" skX="0" skY="0" scX="1" scY="1" pX="0" pY="0"/>
    </frame>
   </timeline>
   <timeline name="XBL2019_banwen_lian_0" scale="1" offset="0">
    <frame z="43" duration="1">
     <transform x="-94.1" y="14.6" skX="0" skY="0" scX="-1" scY="1" pX="0" pY="0"/>
    </frame>
    <frame z="43" duration="1">
     <transform x="-94.1" y="20.45" skX="0" skY="0" scX="-1" scY="1" pX="0" pY="0"/>
    </frame>
   </timeline>
  </animation>
 </armature>
 <armature name="XBL2019_wei_mov03">
  <bone name="XBL2019_wei01">
   <transform x="-0.35" y="-1.25" skX="12.65" skY="12.65" scX="-0.9984" scY="0.9984"/>
  </bone>
  <bone name="XBL2019_wei02" parent="XBL2019_wei01">
   <transform x="19.6" y="7.2" skX="5.18" skY="5.18" scX="-0.9984" scY="0.9984"/>
  </bone>
  <bone name="XBL2019_wei03" parent="XBL2019_wei02">
   <transform x="43.45" y="10.7" skX="-3.55" skY="-3.55" scX="-0.9984" scY="0.9984"/>
  </bone>
  <bone name="XBL2019_wei04" parent="XBL2019_wei03">
   <transform x="65.4" y="9.75" skX="-9.75" skY="-9.75" scX="-0.9984" scY="0.9984"/>
  </bone>
  <skin name="default">
   <slot name="XBL2019_wei01" parent="XBL2019_wei01" z="0">
    <display name="XBL2019_wei01c" type="image">
     <transform x="-13.45" y="1.95" skX="0" skY="0" scX="1" scY="1" pX="20.6" pY="15.1"/>
    </display>
   </slot>
   <slot name="XBL2019_wei02" parent="XBL2019_wei02" z="1">
    <display name="XBL2019_wei02" type="image">
     <transform x="-16" y="-0.15" skX="0" skY="0" scX="1" scY="1" pX="17.75" pY="12.6"/>
    </display>
   </slot>
   <slot name="XBL2019_wei03" parent="XBL2019_wei03" z="2">
    <display name="XBL2019_wei03" type="image">
     <transform x="-13.75" y="0.2" skX="0" skY="0" scX="1" scY="1" pX="14.8" pY="9.25"/>
    </display>
   </slot>
   <slot name="XBL2019_wei04" parent="XBL2019_wei04" z="3">
    <display name="XBL2019_wei04" type="image">
     <transform x="-27.7" y="-4.4" skX="0" skY="0" scX="1" scY="1" pX="27.25" pY="21.4"/>
    </display>
   </slot>
  </skin>
  <animation name="0" fadeInTime="0" duration="2" scale="25" loop="0" autoTween="1" tweenEasing="2">
   <timeline name="XBL2019_wei01" scale="1" offset="0">
    <frame z="0" duration="1">
     <transform x="-0.35" y="-1.25" skX="12.65" skY="12.65" scX="-0.9984" scY="0.9984" pX="0" pY="0"/>
    </frame>
    <frame z="0" duration="1">
     <transform x="-0.65" y="-1.2" skX="-3.83" skY="-3.83" scX="-0.9984" scY="0.9984" pX="0.05" pY="0.05"/>
    </frame>
   </timeline>
   <timeline name="XBL2019_wei02" scale="1" offset="0.7">
    <frame z="1" duration="1">
     <transform x="19.6" y="7.2" skX="5.18" skY="5.18" scX="-0.9984" scY="0.9984" pX="0" pY="0"/>
    </frame>
    <frame z="1" duration="1">
     <transform x="21" y="1.2" skX="-22.74" skY="-22.74" scX="-0.9984" scY="0.9984" pX="0.1" pY="0"/>
    </frame>
   </timeline>
   <timeline name="XBL2019_wei03" scale="1" offset="0.6">
    <frame z="2" duration="1">
     <transform x="43.45" y="10.7" skX="-3.55" skY="-3.55" scX="-0.9984" scY="0.9984" pX="0" pY="0"/>
    </frame>
    <frame z="2" duration="1">
     <transform x="43.5" y="-6.65" skX="-43.44" skY="-43.44" scX="-0.9983" scY="0.9983" pX="0.1" pY="0.1"/>
    </frame>
   </timeline>
   <timeline name="XBL2019_wei04" scale="1" offset="0.5">
    <frame z="3" duration="1">
     <transform x="65.4" y="9.75" skX="-9.75" skY="-9.75" scX="-0.9984" scY="0.9984" pX="0" pY="0"/>
    </frame>
    <frame z="3" duration="1">
     <transform x="59.8" y="-21.5" skX="-73.88" skY="-73.88" scX="-0.9983" scY="0.9983" pX="0.15" pY="-0.05"/>
    </frame>
   </timeline>
  </animation>
 </armature>
 <armature name="XBL2019_ZH_zui_normal">
  <bone name="zh_normal">
   <transform x="0" y="0" skX="0" skY="0" scX="1" scY="1"/>
  </bone>
  <skin name="default">
   <slot name="zh_normal" parent="zh_normal" z="0">
    <display name="XBL2019_ZH_normalzui_01" type="image">
     <transform x="0" y="0" skX="0" skY="0" scX="1" scY="1" pX="37.15" pY="4.6"/>
    </display>
    <display name="XBL2019_ZH_normalzui_02" type="image">
     <transform x="0" y="0" skX="0" skY="0" scX="1" scY="1" pX="34.6" pY="6.85"/>
    </display>
    <display name="XBL2019_ZH_normalzui_03" type="image">
     <transform x="0" y="0" skX="0" skY="0" scX="1" scY="1" pX="32.05" pY="13.85"/>
    </display>
    <display name="XBL2019_ZH_normalzui_04" type="image">
     <transform x="0" y="0" skX="0" skY="0" scX="1" scY="1" pX="16.05" pY="9.75"/>
    </display>
    <display name="XBL2019_ZH_normalzui_05" type="image">
     <transform x="0" y="0" skX="0" skY="0" scX="1" scY="1" pX="34.25" pY="7.05"/>
    </display>
   </slot>
  </skin>
  <animation name="idle_mouse" fadeInTime="0" duration="4" scale="1" loop="0" autoTween="1" tweenEasing="NaN">
   <timeline name="zh_normal" scale="1" offset="0">
    <frame z="0" duration="3">
     <transform x="0" y="0" skX="0" skY="0" scX="1" scY="1" pX="0" pY="0"/>
    </frame>
    <frame z="0" duration="1">
     <transform x="0" y="0" skX="0" skY="0" scX="1" scY="1" pX="0" pY="0"/>
    </frame>
   </timeline>
  </animation>
  <animation name="speak_mouse" fadeInTime="0" duration="15" scale="1" loop="0" autoTween="0" tweenEasing="NaN">
   <timeline name="zh_normal" scale="1" offset="0">
    <frame z="0" displayIndex="1" duration="3">
     <transform x="0" y="0" skX="0" skY="0" scX="1" scY="1" pX="0" pY="0"/>
    </frame>
    <frame z="0" displayIndex="2" duration="3">
     <transform x="0" y="0" skX="0" skY="0" scX="1" scY="1" pX="0" pY="0"/>
    </frame>
    <frame z="0" displayIndex="3" duration="3">
     <transform x="0" y="0" skX="0" skY="0" scX="1" scY="1" pX="0" pY="0"/>
    </frame>
    <frame z="0" displayIndex="4" duration="3">
     <transform x="0" y="0" skX="0" skY="0" scX="1" scY="1" pX="0" pY="0"/>
    </frame>
    <frame z="0" duration="3">
     <transform x="0" y="0" skX="0" skY="0" scX="1" scY="1" pX="0" pY="0"/>
    </frame>
   </timeline>
  </animation>
 </armature>
 <armature name="XBL2019_yan_L_mov01">
  <bone name="XBL2019_yan_L">
   <transform x="0" y="0" skX="0" skY="0" scX="1" scY="1"/>
  </bone>
  <skin name="default">
   <slot name="XBL2019_yan_L" parent="XBL2019_yan_L" z="0">
    <display name="XBL2019_yan_L_01" type="image">
     <transform x="0" y="0" skX="0" skY="0" scX="1" scY="1" pX="33.2" pY="33.15"/>
    </display>
    <display name="XBL2019_yan_L_02" type="image">
     <transform x="0" y="0" skX="0" skY="0" scX="1" scY="1" pX="33.15" pY="7.95"/>
    </display>
    <display name="XBL2019_yan_L_03" type="image">
     <transform x="0" y="0" skX="0" skY="0" scX="1" scY="1" pX="35.1" pY="-9.3"/>
    </display>
   </slot>
  </skin>
  <animation name="0" fadeInTime="0" duration="120" scale="1" loop="0" autoTween="1" tweenEasing="NaN">
   <timeline name="XBL2019_yan_L" scale="1" offset="0">
    <frame z="0" duration="24">
     <transform x="0" y="0" skX="0" skY="0" scX="1" scY="1" pX="0" pY="0"/>
    </frame>
    <frame z="0" displayIndex="1" duration="2">
     <transform x="0" y="-0.05" skX="0" skY="0" scX="1" scY="1" pX="0" pY="0"/>
    </frame>
    <frame z="0" displayIndex="2" duration="3">
     <transform x="0" y="-0.05" skX="0" skY="0" scX="1" scY="1" pX="0" pY="0"/>
    </frame>
    <frame z="0" duration="91">
     <transform x="0" y="0" skX="0" skY="0" scX="1" scY="1" pX="0" pY="0"/>
    </frame>
   </timeline>
  </animation>
 </armature>
 <armature name="XBL2019_yan_R_mov01">
  <bone name="XBL2019_yan_R">
   <transform x="0" y="0" skX="0" skY="0" scX="1" scY="1"/>
  </bone>
  <skin name="default">
   <slot name="XBL2019_yan_R" parent="XBL2019_yan_R" z="0">
    <display name="XBL2019_yan_R_01" type="image">
     <transform x="0" y="0" skX="0" skY="0" scX="1" scY="1" pX="33.2" pY="33.15"/>
    </display>
    <display name="XBL2019_yan_R_02" type="image">
     <transform x="0.05" y="0" skX="0" skY="0" scX="1" scY="1" pX="33.25" pY="8.2"/>
    </display>
    <display name="XBL2019_yan_R_03" type="image">
     <transform x="0.05" y="0" skX="0" skY="0" scX="1" scY="1" pX="35.7" pY="-8.85"/>
    </display>
   </slot>
  </skin>
  <animation name="0" fadeInTime="0" duration="120" scale="1" loop="0" autoTween="1" tweenEasing="NaN">
   <timeline name="XBL2019_yan_R" scale="1" offset="0">
    <frame z="0" duration="24">
     <transform x="0" y="0" skX="0" skY="0" scX="1" scY="1" pX="0" pY="0"/>
    </frame>
    <frame z="0" displayIndex="1" duration="2">
     <transform x="-0.05" y="-0.05" skX="0" skY="0" scX="1" scY="1" pX="0" pY="0"/>
    </frame>
    <frame z="0" displayIndex="2" duration="3">
     <transform x="-0.05" y="-0.05" skX="0" skY="0" scX="1" scY="1" pX="0" pY="0"/>
    </frame>
    <frame z="0" duration="91">
     <transform x="0" y="0" skX="0" skY="0" scX="1" scY="1" pX="0" pY="0"/>
    </frame>
   </timeline>
  </animation>
 </armature>
</dragonBones>