<dragonBones name="cywll_wll_add1108" frameRate="30" version="2.3">
 <armature name="cywll_wll_level02_add">
  <bone name="yin">
   <transform x="1.6" y="44.55" skX="0.44" skY="0.44" scX="0.2788" scY="0.117"/>
  </bone>
  <bone name="wll_new_bcm_chibang" parent="wll_new_cm_shen">
   <transform x="-18.35" y="-0.65" skX="-117.04" skY="-117.04" scX="1" scY="1"/>
  </bone>
  <bone name="wll_new_cm_tuiz" parent="wll_new_cm_shen">
   <transform x="-5.85" y="28.6" skX="-7.74" skY="-7.74" scX="1" scY="1"/>
  </bone>
  <bone name="wll_new_bcm_jiaoz" parent="wll_new_cm_tuiz">
   <transform x="-4.75" y="43.15" skX="-6.95" skY="-6.95" scX="0.9586" scY="0.9586"/>
  </bone>
  <bone name="wll_new_cm_shen">
   <transform x="1.45" y="11.85" skX="54.15" skY="54.15" scX="1" scY="1"/>
  </bone>
  <bone name="wll_new_cm_tuiy" parent="wll_new_cm_shen">
   <transform x="9.3" y="28.85" skX="-5.57" skY="-5.57" scX="1" scY="1"/>
  </bone>
  <bone name="wll_new_bcm_jiaoy" parent="wll_new_cm_tuiy">
   <transform x="12" y="43.3" skX="95.33" skY="95.33" scX="1" scY="1"/>
  </bone>
  <bone name="wll_new_cm_chibang" parent="wll_new_cm_shen">
   <transform x="6.25" y="0.2" skX="49.59" skY="49.59" scX="1" scY="1"/>
  </bone>
  <bone name="wll_new_cm_tou" parent="wll_new_cm_shen">
   <transform x="8.9" y="-1.95" skX="4.68" skY="4.68" scX="1" scY="1"/>
  </bone>
  <bone name="wll_new_cm_yan" parent="wll_new_cm_tou">
   <transform x="19.05" y="-46.25" skX="4.68" skY="4.68" scX="1" scY="1"/>
  </bone>
  <bone name="wll_new_cm_daimao" parent="wll_new_cm_tou">
   <transform x="2.8" y="-72.7" skX="4.68" skY="4.68" scX="1" scY="1"/>
  </bone>
  <bone name="wll_new_bcm_maozi" parent="wll_new_cm_tou">
   <transform x="12" y="-76.25" skX="23.48" skY="23.48" scX="0.999" scY="0.999"/>
  </bone>
  <bone name="bcm_zuibaqwewqeq01" parent="bcm_zuibaqwewqeq">
   <transform x="4.3" y="-19.45" skX="19.63" skY="19.63" scX="1" scY="1"/>
  </bone>
  <bone name="bcm_zuibaqwewqeq">
   <transform x="-17.45" y="-69" skX="-2" skY="-2.17" scX="0.9934" scY="1"/>
  </bone>
  <bone name="wll_new_bcm_chibang_b_addqqq">
   <transform x="-23.2" y="23.15" skX="78.31" skY="78.31" scX="1" scY="1"/>
  </bone>
  <bone name="wll_new_cm_chibang_caaaa">
   <transform x="6.9" y="14.75" skX="-60.6" skY="-66.3" scX="0.8651" scY="0.701"/>
  </bone>
  <bone name="wll_new_cm_guanzi">
   <transform x="12.1" y="11.1" skX="-78.96" skY="-78.96" scX="0.7914" scY="0.7914"/>
  </bone>
  <bone name="wll_new_cm_guangzizui">
   <transform x="0.55" y="8.7" skX="-78.96" skY="-78.96" scX="0.7514" scY="0.7514"/>
  </bone>
  <bone name="wll_new_cm_guanziqian">
   <transform x="12.1" y="11.1" skX="-78.96" skY="-78.96" scX="0.7914" scY="0.7914"/>
  </bone>
  <bone name="effect02">
   <transform x="9.65" y="-13.15" skX="9.25" skY="9.25" scX="1.5126" scY="2.5986"/>
  </bone>
  <bone name="effect01">
   <transform x="9.15" y="-14.25" skX="9.25" skY="9.25" scX="1.5126" scY="2.7263"/>
  </bone>
  <bone name="wll_new_cm_chibang_cbbbbb" parent="wll_new_cm_chibang_caaaa">
   <transform x="-4.05" y="-1.3" skX="-60.6" skY="-66.3" scX="0.8651" scY="0.701"/>
  </bone>
  <bone name="wll_new_cm_chibang_cccccc" parent="wll_new_cm_chibang_caaaa">
   <transform x="17.4" y="-3.9" skX="-60.6" skY="-66.3" scX="0.8651" scY="0.701"/>
  </bone>
  <bone name="effect">
   <transform x="20.75" y="-43.25" skX="6.5" skY="6.5" scX="0.3086" scY="0.4974"/>
  </bone>
  <skin name="default">
   <slot name="yin" parent="yin" z="0">
    <display name="XBL5_yin" type="image">
     <transform x="-0.05" y="-0.05" skX="0" skY="0" scX="1" scY="1" pX="115.85" pY="36.75"/>
    </display>
   </slot>
   <slot name="wll_new_bcm_chibang" parent="wll_new_bcm_chibang" z="1">
    <display name="wll_new_bcm_chibang_b" type="image">
     <transform x="-19.3" y="6.8" skX="0" skY="0" scX="1" scY="1" pX="10.1" pY="15.55"/>
    </display>
    <display name="wll_new_bcm_chibang" type="armature">
     <transform x="-19.25" y="6.65" skX="0" skY="0" scX="1" scY="1"/>
    </display>
   </slot>
   <slot name="wll_new_cm_tuiz" parent="wll_new_cm_tuiz" z="2">
    <display name="wll_new_cm_tui" type="image">
     <transform x="0.65" y="6.1" skX="0" skY="0" scX="1" scY="1" pX="4.3" pY="6.65"/>
    </display>
   </slot>
   <slot name="wll_new_bcm_jiaoz" parent="wll_new_bcm_jiaoz" z="3">
    <display name="wll_new_cm_jiao" type="image">
     <transform x="-3" y="-3.7" skX="0" skY="0" scX="1" scY="1" pX="13.5" pY="4.9"/>
    </display>
    <display name="wll_new_bcm_jiao" type="image">
     <transform x="-3.05" y="-3.65" skX="0" skY="0" scX="1" scY="1" pX="5.8" pY="9.95"/>
    </display>
   </slot>
   <slot name="wll_new_cm_shen" parent="wll_new_cm_shen" z="4">
    <display name="wll_new_cm_shen" type="image">
     <transform x="0.05" y="0" skX="0" skY="0" scX="1" scY="1" pX="22.6" pY="21.7"/>
    </display>
   </slot>
   <slot name="wll_new_cm_tuiy" parent="wll_new_cm_tuiy" z="5">
    <display name="wll_new_cm_tui" type="image">
     <transform x="0.6" y="6.15" skX="0" skY="0" scX="1" scY="1" pX="4.3" pY="6.65"/>
    </display>
   </slot>
   <slot name="wll_new_bcm_jiaoy" parent="wll_new_bcm_jiaoy" z="6">
    <display name="wll_new_bcm_jiaoa" type="image">
     <transform x="-3.15" y="-3.65" skX="0" skY="0" scX="1" scY="1" pX="3.2" pY="9.05"/>
    </display>
    <display name="wll_new_bcm_jiao" type="image">
     <transform x="-3.1" y="-3.75" skX="0" skY="0" scX="1" scY="1" pX="5.8" pY="9.95"/>
    </display>
   </slot>
   <slot name="wll_new_cm_chibang" parent="wll_new_cm_chibang" z="7">
    <display name="wll_new_cm_chibang_c" type="image">
     <transform x="21.3" y="5.55" skX="0" skY="0" scX="1" scY="1" pX="20.45" pY="17.7"/>
    </display>
    <display name="wll_new_bcm_chibangy" type="armature">
     <transform x="21.15" y="5.6" skX="0" skY="0" scX="1" scY="1"/>
    </display>
   </slot>
   <slot name="wll_new_cm_tou" parent="wll_new_cm_tou" z="8">
    <display name="wll_new_cm_tou" type="image">
     <transform x="-16.95" y="-34.25" skX="0" skY="0" scX="1" scY="1" pX="38.9" pY="38.85"/>
    </display>
   </slot>
   <slot name="wll_new_cm_yan" parent="wll_new_cm_yan" z="9">
    <display name="wll_new_bcm_yan" type="image">
     <transform x="-0.05" y="0.1" skX="0" skY="0" scX="1" scY="1" pX="10.8" pY="15.9"/>
    </display>
    <display name="wll_new_bcmqweqwe_yan" type="image">
     <transform x="-0.1" y="0.1" skX="0" skY="0" scX="1" scY="1" pX="10.8" pY="15.9"/>
    </display>
   </slot>
   <slot name="wll_new_cm_daimao" parent="wll_new_cm_daimao" z="10">
    <display name="wll_new_cm_daimao" type="image">
     <transform x="1.55" y="-4.7" skX="0" skY="0" scX="1" scY="1" pX="7.15" pY="6.2"/>
    </display>
   </slot>
   <slot name="wll_new_bcm_maozi" parent="wll_new_bcm_maozi" z="11">
    <display name="wll_new_bcm_maozi" type="image">
     <transform x="0.05" y="0.05" skX="0" skY="0" scX="1" scY="1" pX="21.4" pY="12.45"/>
    </display>
   </slot>
   <slot name="bcm_zuibaqwewqeq01" parent="bcm_zuibaqwewqeq01" z="12">
    <display name="bcm_zuibaqwewqeq01" type="image">
     <transform x="-13.5" y="9.55" skX="0" skY="0" scX="1" scY="1" pX="16.2" pY="14"/>
    </display>
   </slot>
   <slot name="bcm_zuibaqwewqeq" parent="bcm_zuibaqwewqeq" z="13">
    <display name="bcm_zuibaqwewqeq" type="image">
     <transform x="-15.6" y="32.35" skX="0" skY="0" scX="1" scY="1" pX="42.4" pY="33.3"/>
    </display>
   </slot>
   <slot name="wll_new_bcm_chibang_b_addqqq" parent="wll_new_bcm_chibang_b_addqqq" z="14">
    <display name="wll_new_bcm_chibang_b_addqqq" type="image">
     <transform x="-19.3" y="6.65" skX="0" skY="0" scX="1" scY="1" pX="15.5" pY="15.15"/>
    </display>
   </slot>
   <slot name="wll_new_cm_chibang_caaaa" parent="wll_new_cm_chibang_caaaa" z="15">
    <display name="wll_new_cm_chibang_caaaa" type="image">
     <transform x="14.85" y="-0.2" skX="0" skY="0" scX="1" scY="1" pX="16.6" pY="24.25"/>
    </display>
   </slot>
   <slot name="wll_new_cm_guanzi" parent="wll_new_cm_guanzi" z="16">
    <display name="wll_new_cm_guanzi" type="image">
     <transform x="0.05" y="-0.05" skX="0" skY="0" scX="1" scY="1" pX="11.2" pY="16.6"/>
    </display>
   </slot>
   <slot name="wll_new_cm_guangzizui" parent="wll_new_cm_guangzizui" z="17">
    <display name="wll_new_cm_guangzizui" type="image">
     <transform x="-0.15" y="0.05" skX="0" skY="0" scX="1" scY="1" pX="4.55" pY="4.5"/>
    </display>
   </slot>
   <slot name="wll_new_cm_guanziqian" parent="wll_new_cm_guanziqian" z="18">
    <display name="wll_new_cm_guanziqian" type="image">
     <transform x="0.05" y="-0.05" skX="0" skY="0" scX="1" scY="1" pX="11.8" pY="16.6"/>
    </display>
   </slot>
   <slot name="effect02" parent="effect02" z="19">
    <display name="wll_new_cm_penwu_M" type="armature">
     <transform x="-3.35" y="1.4" skX="0" skY="0" scX="1" scY="1"/>
    </display>
   </slot>
   <slot name="effect01" parent="effect01" z="20">
    <display name="wll_new_cm_penwu_M" type="armature">
     <transform x="-3.35" y="1.4" skX="0" skY="0" scX="1" scY="1"/>
    </display>
   </slot>
   <slot name="wll_new_cm_chibang_cbbbbb" parent="wll_new_cm_chibang_cbbbbb" z="21">
    <display name="wll_new_cm_chibang_cbbbbb" type="image">
     <transform x="-4.7" y="4.4" skX="0" skY="0" scX="1" scY="1" pX="9.15" pY="6.5"/>
    </display>
   </slot>
   <slot name="wll_new_cm_chibang_cccccc" parent="wll_new_cm_chibang_cccccc" z="22">
    <display name="wll_new_cm_chibang_cccccc" type="image">
     <transform x="-9.75" y="1.65" skX="0" skY="0" scX="1" scY="1" pX="11.45" pY="13.45"/>
    </display>
   </slot>
   <slot name="effect" parent="effect" z="23">
    <display name="txx_cy_001_1" type="image">
     <transform x="-0.95" y="0.2" skX="0" skY="0" scX="1" scY="1" pX="12.95" pY="13"/>
    </display>
   </slot>
  </skin>
  <animation name="16" fadeInTime="0.1" duration="61" scale="1" loop="1" autoTween="0" tweenEasing="NaN">
   <timeline name="yin" scale="1" offset="0">
    <frame z="0" duration="5">
     <transform x="1.6" y="44.55" skX="0.44" skY="0.44" scX="0.2788" scY="0.117" pX="0" pY="0"/>
    </frame>
    <frame z="0" tweenEasing="0" duration="5">
     <transform x="1.6" y="44.55" skX="0.44" skY="0.44" scX="0.2788" scY="0.117" pX="0" pY="0"/>
    </frame>
    <frame z="0" tweenEasing="0" duration="3">
     <transform x="1.6" y="44.55" skX="0.44" skY="0.44" scX="0.2788" scY="0.117" pX="0" pY="0"/>
    </frame>
    <frame z="0" tweenEasing="0" duration="3">
     <transform x="1.6" y="44.55" skX="0.44" skY="0.44" scX="0.2788" scY="0.117" pX="0" pY="0"/>
    </frame>
    <frame z="0" tweenEasing="0" duration="3">
     <transform x="1.6" y="44.55" skX="0.44" skY="0.44" scX="0.2788" scY="0.117" pX="0" pY="0"/>
    </frame>
    <frame z="0" tweenEasing="0" duration="3">
     <transform x="1.6" y="44.55" skX="0.44" skY="0.44" scX="0.2788" scY="0.117" pX="0" pY="0"/>
    </frame>
    <frame z="0" duration="24">
     <transform x="1.6" y="44.55" skX="0.44" skY="0.44" scX="0.2788" scY="0.117" pX="0" pY="0"/>
    </frame>
    <frame z="0" tweenEasing="0" duration="3">
     <transform x="1.6" y="44.55" skX="0.44" skY="0.44" scX="0.2788" scY="0.117" pX="0" pY="0"/>
    </frame>
    <frame z="0" tweenEasing="0" duration="8">
     <transform x="1.6" y="44.6" skX="0.29" skY="0.3" scX="0.2788" scY="0.117" pX="0.05" pY="-0.4"/>
    </frame>
    <frame z="0" tweenEasing="0" duration="3">
     <transform x="1.6" y="44.55" skX="0.44" skY="0.44" scX="0.2788" scY="0.117" pX="0" pY="0"/>
    </frame>
    <frame z="0" duration="1">
     <transform x="1.6" y="44.55" skX="0.43" skY="0.44" scX="0.1394" scY="0.0585" pX="0" pY="-0.85"/>
     <colorTransform aO="0" rO="0" gO="0" bO="0" aM="0" rM="100" gM="100" bM="100"/>
    </frame>
   </timeline>
   <timeline name="wll_new_bcm_chibang" scale="1" offset="0">
    <frame z="1" duration="5">
     <transform x="-18.35" y="-0.65" skX="-117.04" skY="-117.04" scX="1" scY="1" pX="0" pY="0"/>
    </frame>
    <frame z="1" tweenEasing="0" duration="5">
     <transform x="-18.35" y="-0.65" skX="-117.04" skY="-117.04" scX="1" scY="1" pX="0" pY="0"/>
    </frame>
    <frame z="1" duration="1">
     <transform x="-13.1" y="4.2" skX="-3.73" skY="-3.73" scX="1" scY="1" pX="0" pY="-0.1"/>
    </frame>
    <frame duration="35" displayIndex="-1"/>
    <frame z="1" displayIndex="1" tweenEasing="0" duration="3">
     <transform x="-15.7" y="9.65" skX="-1.26" skY="-1.26" scX="1" scY="1" pX="0" pY="0"/>
    </frame>
    <frame z="1" displayIndex="1" tweenEasing="0" duration="8">
     <transform x="-8.55" y="9.6" skX="44.87" skY="44.87" scX="0.9983" scY="0.9983" pX="-0.05" pY="-0.05"/>
    </frame>
    <frame z="1" displayIndex="1" tweenEasing="0" duration="3">
     <transform x="-4.85" y="9.55" skX="67.94" skY="67.94" scX="0.9999" scY="0.9999" pX="0" pY="0.05"/>
    </frame>
    <frame z="1" displayIndex="1" duration="1">
     <transform x="-15.25" y="-28.4" skX="47.96" skY="47.96" scX="1" scY="1" pX="0" pY="0.15"/>
    </frame>
   </timeline>
   <timeline name="wll_new_cm_tuiz" scale="1" offset="0">
    <frame z="2" duration="5">
     <transform x="-5.85" y="28.6" skX="-7.74" skY="-7.74" scX="1" scY="1" pX="0" pY="0"/>
    </frame>
    <frame z="2" tweenEasing="0" duration="5">
     <transform x="-5.85" y="28.6" skX="-7.74" skY="-7.74" scX="1" scY="1" pX="0" pY="0"/>
    </frame>
    <frame z="2" tweenEasing="0" duration="3">
     <transform x="-8.05" y="24.5" skX="38.69" skY="38.69" scX="1" scY="1" pX="0.05" pY="-0.15"/>
    </frame>
    <frame z="2" tweenEasing="0" duration="3">
     <transform x="-8.35" y="28.1" skX="19.4" skY="19.11" scX="1.0003" scY="1.0186" pX="-0.1" pY="-0.05"/>
    </frame>
    <frame z="2" tweenEasing="0" duration="3">
     <transform x="-8.35" y="28.1" skX="19.4" skY="19.11" scX="1.0003" scY="1.0186" pX="-0.1" pY="-0.05"/>
    </frame>
    <frame z="2" tweenEasing="0" duration="3">
     <transform x="-8.35" y="28.1" skX="19.4" skY="19.11" scX="1.0003" scY="1.0186" pX="-0.1" pY="-0.05"/>
    </frame>
    <frame z="2" tweenEasing="0" duration="3">
     <transform x="-8.35" y="28.1" skX="19.4" skY="19.11" scX="1.0003" scY="1.0186" pX="-0.1" pY="-0.05"/>
    </frame>
    <frame z="2" tweenEasing="0" duration="3">
     <transform x="-8.35" y="28.1" skX="19.4" skY="19.11" scX="1.0003" scY="1.0186" pX="-0.1" pY="-0.05"/>
    </frame>
    <frame z="2" tweenEasing="0" duration="3">
     <transform x="-8.35" y="28.1" skX="19.4" skY="19.11" scX="1.0003" scY="1.0186" pX="-0.1" pY="-0.05"/>
    </frame>
    <frame z="2" tweenEasing="0" duration="3">
     <transform x="-8.35" y="28.1" skX="19.4" skY="19.11" scX="1.0003" scY="1.0186" pX="-0.1" pY="-0.05"/>
    </frame>
    <frame z="2" duration="12">
     <transform x="-8.35" y="28.1" skX="19.4" skY="19.11" scX="1.0003" scY="1.0186" pX="-0.1" pY="-0.05"/>
    </frame>
    <frame z="2" tweenEasing="0" duration="3">
     <transform x="-8.35" y="28.1" skX="19.4" skY="19.11" scX="1.0003" scY="1.0186" pX="-0.1" pY="-0.05"/>
    </frame>
    <frame z="2" tweenEasing="0" duration="8">
     <transform x="-3.65" y="31.15" skX="6.77" skY="1.04" scX="1.0185" scY="0.7558" pX="0.05" pY="0"/>
    </frame>
    <frame z="2" tweenEasing="0" duration="3">
     <transform x="-2.4" y="32.35" skX="14.11" skY="5.63" scX="1.0279" scY="0.6342" pX="0.1" pY="0"/>
    </frame>
    <frame z="2" duration="1">
     <transform x="-10.7" y="-8.35" skX="29.5" skY="29.5" scX="1" scY="1" pX="-0.05" pY="0"/>
    </frame>
   </timeline>
   <timeline name="wll_new_bcm_jiaoz" scale="1" offset="0">
    <frame z="3" duration="5">
     <transform x="-4.75" y="43.15" skX="-6.95" skY="-6.95" scX="0.9586" scY="0.9586" pX="0" pY="0"/>
    </frame>
    <frame z="3" tweenEasing="0" duration="5">
     <transform x="-4.75" y="43.15" skX="-6.95" skY="-6.95" scX="0.9586" scY="0.9586" pX="0" pY="0"/>
    </frame>
    <frame z="3" tweenEasing="0" duration="3">
     <transform x="-18.05" y="35.15" skX="28.03" skY="28.03" scX="0.9586" scY="0.9586" pX="0.05" pY="-0.2"/>
    </frame>
    <frame z="3" tweenEasing="0" duration="3">
     <transform x="-12.55" y="43.15" skX="-6.95" skY="-6.95" scX="0.9586" scY="0.9586" pX="0" pY="0"/>
    </frame>
    <frame z="3" tweenEasing="0" duration="3">
     <transform x="-12.55" y="43.15" skX="-6.95" skY="-6.95" scX="0.9586" scY="0.9586" pX="0" pY="0"/>
    </frame>
    <frame z="3" tweenEasing="0" duration="3">
     <transform x="-12.55" y="43.15" skX="-6.95" skY="-6.95" scX="0.9586" scY="0.9586" pX="0" pY="0"/>
    </frame>
    <frame z="3" tweenEasing="0" duration="3">
     <transform x="-12.55" y="43.15" skX="-6.95" skY="-6.95" scX="0.9586" scY="0.9586" pX="0" pY="0"/>
    </frame>
    <frame z="3" tweenEasing="0" duration="3">
     <transform x="-12.55" y="43.15" skX="-6.95" skY="-6.95" scX="0.9586" scY="0.9586" pX="0" pY="0"/>
    </frame>
    <frame z="3" tweenEasing="0" duration="3">
     <transform x="-12.55" y="43.15" skX="-6.95" skY="-6.95" scX="0.9586" scY="0.9586" pX="0" pY="0"/>
    </frame>
    <frame z="3" tweenEasing="0" duration="3">
     <transform x="-12.55" y="43.15" skX="-6.95" skY="-6.95" scX="0.9586" scY="0.9586" pX="0" pY="0"/>
    </frame>
    <frame z="3" duration="12">
     <transform x="-12.55" y="43.15" skX="-6.95" skY="-6.95" scX="0.9586" scY="0.9586" pX="0" pY="0"/>
    </frame>
    <frame z="3" tweenEasing="0" duration="3">
     <transform x="-12.55" y="43.15" skX="-6.95" skY="-6.95" scX="0.9586" scY="0.9586" pX="0" pY="0"/>
    </frame>
    <frame z="3" tweenEasing="0" duration="8">
     <transform x="-4.8" y="43.2" skX="-6.8" skY="-6.8" scX="0.9582" scY="0.9582" pX="0.05" pY="0"/>
    </frame>
    <frame z="3" tweenEasing="0" duration="3">
     <transform x="-4.75" y="43.15" skX="-6.95" skY="-6.95" scX="0.9586" scY="0.9586" pX="0" pY="0"/>
    </frame>
    <frame z="3" displayIndex="1" duration="1">
     <transform x="-15.7" y="2.55" skX="-29.97" skY="-29.97" scX="0.9586" scY="0.9586" pX="0" pY="0"/>
    </frame>
   </timeline>
   <timeline name="wll_new_cm_shen" scale="1" offset="0">
    <frame z="4" duration="5">
     <transform x="1.45" y="11.85" skX="54.15" skY="54.15" scX="1" scY="1" pX="0" pY="0"/>
    </frame>
    <frame z="4" tweenEasing="0" duration="5">
     <transform x="1.45" y="11.85" skX="54.15" skY="54.15" scX="1" scY="1" pX="0" pY="0"/>
    </frame>
    <frame z="4" tweenEasing="0" duration="3">
     <transform x="3.4" y="9.85" skX="58.41" skY="58.41" scX="1" scY="1" pX="-0.1" pY="-0.05"/>
    </frame>
    <frame z="4" tweenEasing="0" duration="3">
     <transform x="0.8" y="10.65" skX="52.84" skY="53.87" scX="1.0122" scY="1.0068" pX="-0.1" pY="-0.05"/>
    </frame>
    <frame z="4" tweenEasing="0" duration="3">
     <transform x="0.45" y="11.85" skX="51.91" skY="51.91" scX="1" scY="1" pX="-0.1" pY="-0.05"/>
    </frame>
    <frame z="4" tweenEasing="0" duration="3">
     <transform x="0.8" y="10.65" skX="52.84" skY="53.87" scX="1.0122" scY="1.0068" pX="-0.1" pY="-0.05"/>
    </frame>
    <frame z="4" tweenEasing="0" duration="3">
     <transform x="0.45" y="11.85" skX="51.91" skY="51.91" scX="1" scY="1" pX="-0.1" pY="-0.05"/>
    </frame>
    <frame z="4" tweenEasing="0" duration="3">
     <transform x="0.8" y="10.65" skX="52.84" skY="53.87" scX="1.0122" scY="1.0068" pX="-0.1" pY="-0.05"/>
    </frame>
    <frame z="4" tweenEasing="0" duration="3">
     <transform x="0.45" y="11.85" skX="51.91" skY="51.91" scX="1" scY="1" pX="-0.1" pY="-0.05"/>
    </frame>
    <frame z="4" tweenEasing="0" duration="3">
     <transform x="0.8" y="10.65" skX="52.84" skY="53.87" scX="1.0122" scY="1.0068" pX="-0.1" pY="-0.05"/>
    </frame>
    <frame z="4" duration="12">
     <transform x="0.45" y="11.85" skX="51.91" skY="51.91" scX="1" scY="1" pX="-0.1" pY="-0.05"/>
    </frame>
    <frame z="4" tweenEasing="0" duration="3">
     <transform x="0.45" y="11.85" skX="51.91" skY="51.91" scX="1" scY="1" pX="-0.1" pY="-0.05"/>
    </frame>
    <frame z="4" tweenEasing="0" duration="8">
     <transform x="4.4" y="15.4" skX="9.03" skY="9.03" scX="0.9994" scY="0.9994" pX="-0.05" pY="-0.1"/>
    </frame>
    <frame z="4" tweenEasing="0" duration="3">
     <transform x="6.3" y="17.05" skX="-12.32" skY="-12.32" scX="0.9999" scY="0.9999" pX="-0.1" pY="-0.1"/>
    </frame>
    <frame z="4" duration="1">
     <transform x="-4.85" y="-25.1" skX="19.16" skY="19.16" scX="1" scY="1" pX="0.05" pY="0.05"/>
    </frame>
   </timeline>
   <timeline name="wll_new_cm_tuiy" scale="1" offset="0">
    <frame z="5" duration="5">
     <transform x="9.3" y="28.85" skX="-5.57" skY="-5.57" scX="1" scY="1" pX="0" pY="0"/>
    </frame>
    <frame z="5" tweenEasing="0" duration="5">
     <transform x="9.3" y="28.85" skX="-5.57" skY="-5.57" scX="1" scY="1" pX="0" pY="0"/>
    </frame>
    <frame z="5" tweenEasing="0" duration="3">
     <transform x="10.3" y="28.7" skX="2.64" skY="2.64" scX="1" scY="1" pX="-0.1" pY="-0.1"/>
    </frame>
    <frame z="5" tweenEasing="0" duration="3">
     <transform x="9.3" y="28.65" skX="-5.47" skY="-5.68" scX="1.0002" scY="1.0188" pX="0" pY="-0.05"/>
    </frame>
    <frame z="5" tweenEasing="0" duration="3">
     <transform x="9.3" y="28.85" skX="-5.57" skY="-5.57" scX="1" scY="1" pX="0" pY="0"/>
    </frame>
    <frame z="5" tweenEasing="0" duration="3">
     <transform x="9.3" y="28.65" skX="-5.47" skY="-5.68" scX="1.0002" scY="1.0188" pX="0" pY="-0.05"/>
    </frame>
    <frame z="5" tweenEasing="0" duration="3">
     <transform x="9.3" y="28.85" skX="-5.57" skY="-5.57" scX="1" scY="1" pX="0" pY="0"/>
    </frame>
    <frame z="5" tweenEasing="0" duration="3">
     <transform x="9.3" y="28.65" skX="-5.47" skY="-5.68" scX="1.0002" scY="1.0188" pX="0" pY="-0.05"/>
    </frame>
    <frame z="5" tweenEasing="0" duration="3">
     <transform x="9.3" y="28.85" skX="-5.57" skY="-5.57" scX="1" scY="1" pX="0" pY="0"/>
    </frame>
    <frame z="5" tweenEasing="0" duration="3">
     <transform x="9.3" y="28.65" skX="-5.47" skY="-5.68" scX="1.0002" scY="1.0188" pX="0" pY="-0.05"/>
    </frame>
    <frame z="5" duration="12">
     <transform x="9.3" y="28.85" skX="-5.57" skY="-5.57" scX="1" scY="1" pX="0" pY="0"/>
    </frame>
    <frame z="5" tweenEasing="0" duration="3">
     <transform x="9.3" y="28.85" skX="-5.57" skY="-5.57" scX="1" scY="1" pX="0" pY="0"/>
    </frame>
    <frame z="5" tweenEasing="0" duration="8">
     <transform x="12.1" y="32.45" skX="13.03" skY="-5.52" scX="0.9997" scY="0.7496" pX="-0.05" pY="-0.1"/>
    </frame>
    <frame z="5" tweenEasing="0" duration="3">
     <transform x="13.45" y="34.2" skX="22.42" skY="-5.57" scX="1" scY="0.6252" pX="-0.05" pY="-0.2"/>
    </frame>
    <frame z="5" duration="1">
     <transform x="2.3" y="-9.2" skX="-2.5" skY="-2.5" scX="1" scY="1" pX="0" pY="0.05"/>
    </frame>
   </timeline>
   <timeline name="wll_new_bcm_jiaoy" scale="1" offset="0">
    <frame z="6" duration="5">
     <transform x="12" y="43.3" skX="95.33" skY="95.33" scX="1" scY="1" pX="0" pY="0"/>
    </frame>
    <frame z="6" tweenEasing="0" duration="5">
     <transform x="12" y="43.3" skX="95.33" skY="95.33" scX="1" scY="1" pX="0" pY="0"/>
    </frame>
    <frame z="6" tweenEasing="0" duration="3">
     <transform x="12" y="43.3" skX="95.33" skY="95.33" scX="1" scY="1" pX="0" pY="0"/>
    </frame>
    <frame z="6" tweenEasing="0" duration="3">
     <transform x="12" y="43.3" skX="95.33" skY="95.33" scX="1" scY="1" pX="0" pY="0"/>
    </frame>
    <frame z="6" tweenEasing="0" duration="3">
     <transform x="12" y="43.3" skX="95.33" skY="95.33" scX="1" scY="1" pX="0" pY="0"/>
    </frame>
    <frame z="6" tweenEasing="0" duration="3">
     <transform x="12" y="43.3" skX="95.33" skY="95.33" scX="1" scY="1" pX="0" pY="0"/>
    </frame>
    <frame z="6" tweenEasing="0" duration="3">
     <transform x="12" y="43.3" skX="95.33" skY="95.33" scX="1" scY="1" pX="0" pY="0"/>
    </frame>
    <frame z="6" tweenEasing="0" duration="3">
     <transform x="12" y="43.3" skX="95.33" skY="95.33" scX="1" scY="1" pX="0" pY="0"/>
    </frame>
    <frame z="6" tweenEasing="0" duration="3">
     <transform x="12" y="43.3" skX="95.33" skY="95.33" scX="1" scY="1" pX="0" pY="0"/>
    </frame>
    <frame z="6" tweenEasing="0" duration="3">
     <transform x="12" y="43.3" skX="95.33" skY="95.33" scX="1" scY="1" pX="0" pY="0"/>
    </frame>
    <frame z="6" duration="12">
     <transform x="12" y="43.3" skX="95.33" skY="95.33" scX="1" scY="1" pX="0" pY="0"/>
    </frame>
    <frame z="6" tweenEasing="0" duration="3">
     <transform x="12" y="43.3" skX="95.33" skY="95.33" scX="1" scY="1" pX="0" pY="0"/>
    </frame>
    <frame z="6" tweenEasing="0" duration="8">
     <transform x="12.1" y="43.4" skX="95.27" skY="95.27" scX="0.9997" scY="0.9997" pX="-0.05" pY="0.05"/>
    </frame>
    <frame z="6" tweenEasing="0" duration="3">
     <transform x="12" y="43.3" skX="95.33" skY="95.33" scX="1" scY="1" pX="0" pY="0"/>
    </frame>
    <frame z="6" displayIndex="1" duration="1">
     <transform x="4.3" y="4.35" skX="-26.71" skY="-26.71" scX="1" scY="1" pX="0" pY="0"/>
    </frame>
   </timeline>
   <timeline name="wll_new_cm_chibang" scale="1" offset="0">
    <frame z="7" duration="5">
     <transform x="6.25" y="0.2" skX="49.59" skY="49.59" scX="1" scY="1" pX="0" pY="0"/>
    </frame>
    <frame z="7" tweenEasing="0" duration="5">
     <transform x="6.25" y="0.2" skX="49.59" skY="49.59" scX="1" scY="1" pX="0" pY="0"/>
    </frame>
    <frame z="7" duration="1">
     <transform x="8.05" y="-5.35" skX="79.69" skY="79.69" scX="1" scY="1" pX="-0.2" pY="0.05"/>
    </frame>
    <frame duration="35" displayIndex="-1"/>
    <frame z="7" displayIndex="1" tweenEasing="0" duration="3">
     <transform x="8.75" y="3.45" skX="-6.55" skY="-6.55" scX="0.9999" scY="0.9999" pX="0" pY="0"/>
    </frame>
    <frame z="7" displayIndex="1" tweenEasing="0" duration="8">
     <transform x="11.65" y="8.7" skX="-48.39" skY="-48.39" scX="0.9983" scY="0.9983" pX="-0.05" pY="0.05"/>
    </frame>
    <frame z="7" displayIndex="1" tweenEasing="0" duration="3">
     <transform x="13.05" y="11.5" skX="-69.28" skY="-69.28" scX="0.9999" scY="0.9999" pX="0.05" pY="0.1"/>
    </frame>
    <frame z="7" displayIndex="1" duration="1">
     <transform x="5.15" y="-32.45" skX="-42.46" skY="-42.46" scX="1" scY="1" pX="0.15" pY="0.05"/>
    </frame>
   </timeline>
   <timeline name="wll_new_cm_tou" scale="1" offset="0">
    <frame z="8" duration="5">
     <transform x="8.9" y="-1.95" skX="4.68" skY="4.68" scX="1" scY="1" pX="0" pY="0"/>
    </frame>
    <frame z="8" tweenEasing="0" duration="5">
     <transform x="8.9" y="-1.95" skX="4.68" skY="4.68" scX="1" scY="1" pX="0" pY="0"/>
    </frame>
    <frame z="8" tweenEasing="0" duration="3">
     <transform x="6.75" y="-0.3" skX="4.95" skY="4.95" scX="1" scY="1" pX="0.05" pY="0.05"/>
    </frame>
    <frame z="8" tweenEasing="0" duration="3">
     <transform x="3.2" y="-0.85" skX="1.6" skY="1.6" scX="1" scY="1" pX="0.05" pY="0.1"/>
    </frame>
    <frame z="8" tweenEasing="0" duration="3">
     <transform x="2.6" y="1.35" skX="-1.55" skY="-1.55" scX="1" scY="1" pX="0" pY="0"/>
    </frame>
    <frame z="8" tweenEasing="0" duration="3">
     <transform x="3.2" y="-0.85" skX="1.6" skY="1.6" scX="1" scY="1" pX="0.05" pY="0.1"/>
    </frame>
    <frame z="8" tweenEasing="0" duration="3">
     <transform x="2.6" y="1.35" skX="-1.55" skY="-1.55" scX="1" scY="1" pX="0" pY="0"/>
    </frame>
    <frame z="8" tweenEasing="0" duration="3">
     <transform x="3.2" y="-0.85" skX="1.6" skY="1.6" scX="1" scY="1" pX="0.05" pY="0.1"/>
    </frame>
    <frame z="8" tweenEasing="0" duration="3">
     <transform x="2.6" y="1.35" skX="-1.55" skY="-1.55" scX="1" scY="1" pX="0" pY="0"/>
    </frame>
    <frame z="8" tweenEasing="0" duration="3">
     <transform x="3.2" y="-0.85" skX="1.6" skY="1.6" scX="1" scY="1" pX="0.05" pY="0.1"/>
    </frame>
    <frame z="8" duration="12">
     <transform x="2.6" y="1.35" skX="-1.55" skY="-1.55" scX="1" scY="1" pX="0" pY="0"/>
    </frame>
    <frame z="8" tweenEasing="0" duration="3">
     <transform x="2.6" y="1.35" skX="-1.55" skY="-1.55" scX="1" scY="1" pX="0" pY="0"/>
    </frame>
    <frame z="8" tweenEasing="0" duration="8">
     <transform x="-7.15" y="15.35" skX="-1.51" skY="-1.51" scX="0.9999" scY="0.9999" pX="0" pY="0"/>
    </frame>
    <frame z="8" tweenEasing="0" duration="3">
     <transform x="-12.1" y="22.25" skX="-1.55" skY="-1.55" scX="1" scY="1" pX="0" pY="0"/>
    </frame>
    <frame z="8" duration="1">
     <transform x="-11.05" y="-28.85" skX="0" skY="0" scX="1" scY="1" pX="0" pY="0"/>
    </frame>
   </timeline>
   <timeline name="wll_new_cm_yan" scale="1" offset="0">
    <frame z="9" duration="5">
     <transform x="19.05" y="-46.25" skX="4.68" skY="4.68" scX="1" scY="1" pX="0" pY="0"/>
    </frame>
    <frame z="9" tweenEasing="0" duration="5">
     <transform x="19.05" y="-46.25" skX="4.68" skY="4.68" scX="1" scY="1" pX="0" pY="0"/>
    </frame>
    <frame z="9" displayIndex="1" tweenEasing="0" duration="3">
     <transform x="17.1" y="-44.55" skX="4.95" skY="4.95" scX="1" scY="1" pX="0" pY="0"/>
    </frame>
    <frame z="9" displayIndex="1" tweenEasing="0" duration="3">
     <transform x="10.95" y="-45.65" skX="1.6" skY="1.6" scX="1" scY="1" pX="0.05" pY="0.15"/>
    </frame>
    <frame z="9" displayIndex="1" tweenEasing="0" duration="3">
     <transform x="7.9" y="-43.8" skX="-1.55" skY="-1.55" scX="1" scY="1" pX="0" pY="0.05"/>
    </frame>
    <frame z="9" displayIndex="1" tweenEasing="0" duration="3">
     <transform x="10.95" y="-45.65" skX="1.6" skY="1.6" scX="1" scY="1" pX="0.05" pY="0.15"/>
    </frame>
    <frame z="9" displayIndex="1" tweenEasing="0" duration="3">
     <transform x="7.9" y="-43.8" skX="-1.55" skY="-1.55" scX="1" scY="1" pX="0" pY="0.05"/>
    </frame>
    <frame z="9" displayIndex="1" tweenEasing="0" duration="3">
     <transform x="10.95" y="-45.65" skX="1.6" skY="1.6" scX="1" scY="1" pX="0.05" pY="0.15"/>
    </frame>
    <frame z="9" displayIndex="1" tweenEasing="0" duration="3">
     <transform x="7.9" y="-43.8" skX="-1.55" skY="-1.55" scX="1" scY="1" pX="0" pY="0.05"/>
    </frame>
    <frame z="9" displayIndex="1" tweenEasing="0" duration="3">
     <transform x="10.95" y="-45.65" skX="1.6" skY="1.6" scX="1" scY="1" pX="0.05" pY="0.15"/>
    </frame>
    <frame z="9" displayIndex="1" duration="12">
     <transform x="7.9" y="-43.8" skX="-1.55" skY="-1.55" scX="1" scY="1" pX="0" pY="0.05"/>
    </frame>
    <frame z="9" displayIndex="1" tweenEasing="0" duration="3">
     <transform x="7.9" y="-43.8" skX="-1.55" skY="-1.55" scX="1" scY="1" pX="0" pY="0.05"/>
    </frame>
    <frame z="9" displayIndex="1" tweenEasing="0" duration="8">
     <transform x="-1.85" y="-29.85" skX="-1.51" skY="-1.51" scX="0.9999" scY="0.9999" pX="0.05" pY="0.1"/>
    </frame>
    <frame z="9" displayIndex="1" tweenEasing="0" duration="3">
     <transform x="-6.8" y="-22.9" skX="-1.55" skY="-1.55" scX="1" scY="1" pX="0.1" pY="0.05"/>
    </frame>
    <frame z="9" displayIndex="1" duration="1">
     <transform x="-3.9" y="-73.35" skX="0" skY="0" scX="1" scY="1" pX="0.1" pY="-0.05"/>
    </frame>
   </timeline>
   <timeline name="wll_new_cm_daimao" scale="1" offset="0">
    <frame z="10" duration="5">
     <transform x="2.8" y="-72.7" skX="4.68" skY="4.68" scX="1" scY="1" pX="0" pY="0"/>
    </frame>
    <frame z="10" tweenEasing="0" duration="5">
     <transform x="2.8" y="-72.7" skX="4.68" skY="4.68" scX="1" scY="1" pX="0" pY="0"/>
    </frame>
    <frame z="10" tweenEasing="0" duration="3">
     <transform x="0.95" y="-71.05" skX="4.95" skY="4.95" scX="1" scY="1" pX="0" pY="0.05"/>
    </frame>
    <frame z="10" tweenEasing="0" duration="3">
     <transform x="-6.7" y="-71.15" skX="1.6" skY="1.6" scX="1" scY="1" pX="0.1" pY="0.05"/>
    </frame>
    <frame z="10" tweenEasing="0" duration="3">
     <transform x="-11.15" y="-68.3" skX="-1.55" skY="-1.55" scX="1" scY="1" pX="0" pY="0"/>
    </frame>
    <frame z="10" tweenEasing="0" duration="3">
     <transform x="-6.7" y="-71.15" skX="1.6" skY="1.6" scX="1" scY="1" pX="0.1" pY="0.05"/>
    </frame>
    <frame z="10" tweenEasing="0" duration="3">
     <transform x="-11.15" y="-68.3" skX="-1.55" skY="-1.55" scX="1" scY="1" pX="0" pY="0"/>
    </frame>
    <frame z="10" tweenEasing="0" duration="3">
     <transform x="-6.7" y="-71.15" skX="1.6" skY="1.6" scX="1" scY="1" pX="0.1" pY="0.05"/>
    </frame>
    <frame z="10" tweenEasing="0" duration="3">
     <transform x="-11.15" y="-68.3" skX="-1.55" skY="-1.55" scX="1" scY="1" pX="0" pY="0"/>
    </frame>
    <frame z="10" tweenEasing="0" duration="3">
     <transform x="-6.7" y="-71.15" skX="1.6" skY="1.6" scX="1" scY="1" pX="0.1" pY="0.05"/>
    </frame>
    <frame z="10" duration="12">
     <transform x="-11.15" y="-68.3" skX="-1.55" skY="-1.55" scX="1" scY="1" pX="0" pY="0"/>
    </frame>
    <frame z="10" tweenEasing="0" duration="3">
     <transform x="-11.15" y="-68.3" skX="-1.55" skY="-1.55" scX="1" scY="1" pX="0" pY="0"/>
    </frame>
    <frame z="10" tweenEasing="0" duration="8">
     <transform x="-20.95" y="-54.4" skX="-1.51" skY="-1.51" scX="0.9999" scY="0.9999" pX="0" pY="0.05"/>
    </frame>
    <frame z="10" tweenEasing="0" duration="3">
     <transform x="-25.85" y="-47.4" skX="-1.55" skY="-1.55" scX="1" scY="1" pX="0" pY="0.05"/>
    </frame>
    <frame z="10" duration="1">
     <transform x="-22.85" y="-98.8" skX="0" skY="0" scX="1" scY="1" pX="-0.05" pY="-0.05"/>
    </frame>
   </timeline>
   <timeline name="wll_new_bcm_maozi" scale="1" offset="0">
    <frame z="11" duration="5">
     <transform x="12" y="-76.25" skX="23.48" skY="23.48" scX="0.999" scY="0.999" pX="0" pY="0"/>
    </frame>
    <frame z="11" tweenEasing="0" duration="5">
     <transform x="12" y="-76.25" skX="23.48" skY="23.48" scX="0.999" scY="0.999" pX="0" pY="0"/>
    </frame>
    <frame z="11" tweenEasing="0" duration="3">
     <transform x="10.15" y="-74.6" skX="23.75" skY="23.75" scX="0.9989" scY="0.9989" pX="-0.05" pY="0.05"/>
    </frame>
    <frame z="11" tweenEasing="0" duration="3">
     <transform x="2.3" y="-75.2" skX="20.41" skY="20.41" scX="0.9989" scY="0.9989" pX="-0.1" pY="0.1"/>
    </frame>
    <frame z="11" tweenEasing="0" duration="3">
     <transform x="-2.4" y="-72.85" skX="17.26" skY="17.26" scX="0.9989" scY="0.9989" pX="-0.05" pY="0.05"/>
    </frame>
    <frame z="11" tweenEasing="0" duration="3">
     <transform x="2.3" y="-75.2" skX="20.41" skY="20.41" scX="0.9989" scY="0.9989" pX="-0.1" pY="0.1"/>
    </frame>
    <frame z="11" tweenEasing="0" duration="3">
     <transform x="-2.4" y="-72.85" skX="17.26" skY="17.26" scX="0.9989" scY="0.9989" pX="-0.05" pY="0.05"/>
    </frame>
    <frame z="11" tweenEasing="0" duration="3">
     <transform x="2.3" y="-75.2" skX="20.41" skY="20.41" scX="0.9989" scY="0.9989" pX="-0.1" pY="0.1"/>
    </frame>
    <frame z="11" tweenEasing="0" duration="3">
     <transform x="-2.4" y="-72.85" skX="17.26" skY="17.26" scX="0.9989" scY="0.9989" pX="-0.05" pY="0.05"/>
    </frame>
    <frame z="11" tweenEasing="0" duration="3">
     <transform x="2.3" y="-75.2" skX="20.41" skY="20.41" scX="0.9989" scY="0.9989" pX="-0.1" pY="0.1"/>
    </frame>
    <frame z="11" duration="12">
     <transform x="-2.4" y="-72.85" skX="17.26" skY="17.26" scX="0.9989" scY="0.9989" pX="-0.05" pY="0.05"/>
    </frame>
    <frame z="11" tweenEasing="0" duration="3">
     <transform x="-2.4" y="-72.85" skX="17.26" skY="17.26" scX="0.9989" scY="0.9989" pX="-0.05" pY="0.05"/>
    </frame>
    <frame z="11" tweenEasing="0" duration="8">
     <transform x="-12.25" y="-58.95" skX="17.27" skY="17.27" scX="0.998" scY="0.998" pX="0" pY="0.05"/>
    </frame>
    <frame z="11" tweenEasing="0" duration="3">
     <transform x="-17.1" y="-51.95" skX="17.26" skY="17.26" scX="0.9989" scY="0.9989" pX="-0.05" pY="0"/>
    </frame>
    <frame z="11" duration="1">
     <transform x="-13.95" y="-103.1" skX="18.81" skY="18.81" scX="0.999" scY="0.999" pX="-0.05" pY="0"/>
    </frame>
   </timeline>
   <timeline name="bcm_zuibaqwewqeq01" scale="1" offset="0">
    <frame z="12" duration="5">
     <transform x="4.3" y="-19.45" skX="19.63" skY="19.63" scX="1" scY="1" pX="0" pY="0"/>
    </frame>
    <frame z="12" tweenEasing="0" duration="5">
     <transform x="4.3" y="-19.45" skX="19.63" skY="19.63" scX="1" scY="1" pX="0" pY="0"/>
    </frame>
    <frame z="12" tweenEasing="0" duration="3">
     <transform x="1.35" y="-18.1" skX="2.34" skY="4" scX="1" scY="1.0004" pX="0.1" pY="0.35"/>
    </frame>
    <frame z="12" tweenEasing="0" duration="3">
     <transform x="-3.3" y="-18.25" skX="-4.7" skY="-3.05" scX="0.9999" scY="1.0004" pX="0.15" pY="0.45"/>
    </frame>
    <frame z="12" tweenEasing="0" duration="3">
     <transform x="-4.8" y="-15.7" skX="-4.15" skY="-2.5" scX="1" scY="1.0004" pX="0.1" pY="0.3"/>
    </frame>
    <frame z="12" tweenEasing="0" duration="3">
     <transform x="-3.3" y="-18.25" skX="-4.7" skY="-3.05" scX="0.9999" scY="1.0004" pX="0.15" pY="0.45"/>
    </frame>
    <frame z="12" tweenEasing="0" duration="3">
     <transform x="-4.8" y="-15.7" skX="-4.15" skY="-2.5" scX="1" scY="1.0004" pX="0.1" pY="0.3"/>
    </frame>
    <frame z="12" tweenEasing="0" duration="3">
     <transform x="-3.3" y="-18.25" skX="-4.7" skY="-3.05" scX="0.9999" scY="1.0004" pX="0.15" pY="0.45"/>
    </frame>
    <frame z="12" tweenEasing="0" duration="3">
     <transform x="-4.8" y="-15.7" skX="-4.15" skY="-2.5" scX="1" scY="1.0004" pX="0.1" pY="0.3"/>
    </frame>
    <frame z="12" tweenEasing="0" duration="3">
     <transform x="-3.3" y="-18.25" skX="-4.7" skY="-3.05" scX="0.9999" scY="1.0004" pX="0.15" pY="0.45"/>
    </frame>
    <frame z="12" duration="12">
     <transform x="-4.8" y="-15.7" skX="-4.15" skY="-2.5" scX="1" scY="1.0004" pX="0.1" pY="0.3"/>
    </frame>
    <frame z="12" tweenEasing="0" duration="3">
     <transform x="-4.8" y="-15.7" skX="-4.15" skY="-2.5" scX="1" scY="1.0004" pX="0.1" pY="0.3"/>
    </frame>
    <frame z="12" tweenEasing="0" duration="8">
     <transform x="-14.65" y="-1.75" skX="-4.04" skY="-2.31" scX="0.9998" scY="1.0001" pX="0.1" pY="0.2"/>
    </frame>
    <frame z="12" tweenEasing="0" duration="3">
     <transform x="-19.5" y="5.2" skX="-4.15" skY="-2.5" scX="1" scY="1.0004" pX="0.1" pY="0.25"/>
    </frame>
    <frame z="12" duration="1">
     <transform x="-17.8" y="-47" skX="9.07" skY="10.73" scX="1" scY="1.0003" pX="0.15" pY="0.35"/>
    </frame>
   </timeline>
   <timeline name="bcm_zuibaqwewqeq" scale="1" offset="0">
    <frame z="13" duration="5">
     <transform x="-17.45" y="-69" skX="-2" skY="-2.17" scX="0.9934" scY="1" pX="0" pY="0"/>
    </frame>
    <frame z="13" tweenEasing="0" duration="5">
     <transform x="-17.45" y="-69" skX="-2" skY="-2.17" scX="0.9934" scY="1" pX="0" pY="0"/>
    </frame>
    <frame z="13" tweenEasing="0" duration="3">
     <transform x="-19.45" y="-68.65" skX="-1.73" skY="0.66" scX="0.9942" scY="1" pX="0.05" pY="0.2"/>
    </frame>
    <frame z="13" tweenEasing="0" duration="3">
     <transform x="-26.95" y="-67.55" skX="-5.07" skY="-2.68" scX="0.9942" scY="1" pX="0.2" pY="0.3"/>
    </frame>
    <frame z="13" tweenEasing="0" duration="3">
     <transform x="-31.15" y="-63.6" skX="-8.22" skY="-5.83" scX="0.9942" scY="1" pX="0.15" pY="0.2"/>
    </frame>
    <frame z="13" tweenEasing="0" duration="3">
     <transform x="-26.95" y="-67.55" skX="-5.07" skY="-2.68" scX="0.9942" scY="1" pX="0.2" pY="0.3"/>
    </frame>
    <frame z="13" tweenEasing="0" duration="3">
     <transform x="-31.15" y="-63.6" skX="-8.22" skY="-5.83" scX="0.9942" scY="1" pX="0.15" pY="0.2"/>
    </frame>
    <frame z="13" tweenEasing="0" duration="3">
     <transform x="-26.95" y="-67.55" skX="-5.07" skY="-2.68" scX="0.9942" scY="1" pX="0.2" pY="0.3"/>
    </frame>
    <frame z="13" tweenEasing="0" duration="3">
     <transform x="-31.15" y="-63.6" skX="-8.22" skY="-5.83" scX="0.9942" scY="1" pX="0.15" pY="0.2"/>
    </frame>
    <frame z="13" tweenEasing="0" duration="3">
     <transform x="-26.95" y="-67.55" skX="-5.07" skY="-2.68" scX="0.9942" scY="1" pX="0.2" pY="0.3"/>
    </frame>
    <frame z="13" duration="12">
     <transform x="-31.15" y="-63.6" skX="-8.22" skY="-5.83" scX="0.9942" scY="1" pX="0.15" pY="0.2"/>
    </frame>
    <frame z="13" tweenEasing="0" duration="3">
     <transform x="-31.15" y="-63.6" skX="-8.22" skY="-5.83" scX="0.9942" scY="1" pX="0.15" pY="0.2"/>
    </frame>
    <frame z="13" tweenEasing="0" duration="8">
     <transform x="-41" y="-49.75" skX="-8.06" skY="-5.77" scX="0.9939" scY="0.9995" pX="0.2" pY="0.25"/>
    </frame>
    <frame z="13" tweenEasing="0" duration="3">
     <transform x="-45.85" y="-42.7" skX="-8.22" skY="-5.83" scX="0.9942" scY="1" pX="0.1" pY="0.15"/>
    </frame>
    <frame z="13" duration="1">
     <transform x="-43.4" y="-93.85" skX="-8.22" skY="-5.83" scX="0.9942" scY="1" pX="0.15" pY="0.2"/>
    </frame>
   </timeline>
   <timeline name="wll_new_bcm_chibang_b_addqqq" scale="1" offset="0">
    <frame duration="11" displayIndex="-1"/>
    <frame z="14" tweenEasing="0" duration="3">
     <transform x="-23.2" y="23.15" skX="78.31" skY="78.31" scX="1" scY="1" pX="0" pY="0"/>
    </frame>
    <frame z="14" tweenEasing="0" duration="3">
     <transform x="-29.15" y="22.9" skX="98.97" skY="98.97" scX="1" scY="1" pX="-0.15" pY="0.05"/>
    </frame>
    <frame z="14" tweenEasing="0" duration="3">
     <transform x="-30.65" y="27.5" skX="114.37" skY="114.37" scX="1" scY="1" pX="-0.15" pY="0.05"/>
    </frame>
    <frame z="14" tweenEasing="0" duration="3">
     <transform x="-30.65" y="25" skX="108.67" skY="108.67" scX="1" scY="1" pX="-0.2" pY="-0.05"/>
    </frame>
    <frame z="14" tweenEasing="0" duration="3">
     <transform x="-30.65" y="27.5" skX="114.37" skY="114.37" scX="1" scY="1" pX="-0.15" pY="0.05"/>
    </frame>
    <frame z="14" tweenEasing="0" duration="3">
     <transform x="-30.65" y="25" skX="108.67" skY="108.67" scX="1" scY="1" pX="-0.2" pY="-0.05"/>
    </frame>
    <frame z="14" tweenEasing="0" duration="3">
     <transform x="-30.65" y="27.5" skX="114.37" skY="114.37" scX="1" scY="1" pX="-0.15" pY="0.05"/>
    </frame>
    <frame z="14" tweenEasing="0" duration="3">
     <transform x="-30.65" y="25" skX="108.67" skY="108.67" scX="1" scY="1" pX="-0.2" pY="-0.05"/>
    </frame>
    <frame z="14" duration="11">
     <transform x="-30.65" y="27.5" skX="114.37" skY="114.37" scX="1" scY="1" pX="-0.15" pY="0.05"/>
    </frame>
    <frame duration="15" displayIndex="-1"/>
   </timeline>
   <timeline name="wll_new_cm_chibang_caaaa" scale="1" offset="0">
    <frame duration="11" displayIndex="-1"/>
    <frame z="15" tweenEasing="0" duration="3">
     <transform x="6.9" y="14.75" skX="-60.6" skY="-66.3" scX="0.8651" scY="0.701" pX="0" pY="0"/>
    </frame>
    <frame z="15" tweenEasing="0" duration="5">
     <transform x="8.95" y="-6.35" skX="5.37" skY="2.59" scX="0.9909" scY="1.0103" pX="0.05" pY="0.15"/>
    </frame>
    <frame z="15" tweenEasing="0" duration="26">
     <transform x="10" y="-3.05" skX="0" skY="0" scX="1" scY="1" pX="0.2" pY="0.05"/>
    </frame>
    <frame z="15" duration="1">
     <transform x="10" y="-3.05" skX="0" skY="0" scX="1" scY="1" pX="0.2" pY="0.05"/>
    </frame>
    <frame duration="15" displayIndex="-1"/>
   </timeline>
   <timeline name="wll_new_cm_guanzi" scale="1" offset="0">
    <frame duration="11" displayIndex="-1"/>
    <frame z="16" tweenEasing="0" duration="3">
     <transform x="12.1" y="11.1" skX="-78.96" skY="-78.96" scX="0.7914" scY="0.7914" pX="0" pY="0"/>
    </frame>
    <frame z="16" tweenEasing="0" duration="5">
     <transform x="14.15" y="-2.85" skX="0" skY="0" scX="1" scY="1" pX="-0.05" pY="0.05"/>
    </frame>
    <frame z="16" tweenEasing="0" duration="26">
     <transform x="14.15" y="2.15" skX="0" skY="0" scX="1" scY="1" pX="-0.05" pY="0.05"/>
    </frame>
    <frame z="16" duration="1">
     <transform x="14.15" y="2.15" skX="0" skY="0" scX="1" scY="1" pX="-0.05" pY="0.05"/>
    </frame>
    <frame duration="15" displayIndex="-1"/>
   </timeline>
   <timeline name="wll_new_cm_guangzizui" scale="1" offset="0">
    <frame duration="11" displayIndex="-1"/>
    <frame z="17" tweenEasing="0" duration="3">
     <transform x="0.55" y="8.7" skX="-78.96" skY="-78.96" scX="0.7514" scY="0.7514" pX="0" pY="0"/>
    </frame>
    <frame z="17" tweenEasing="0" duration="5">
     <transform x="14.3" y="-17.8" skX="0" skY="0" scX="0.9495" scY="0.9495" pX="0.05" pY="0.1"/>
    </frame>
    <frame z="17" duration="3">
     <transform x="14.3" y="-12.8" skX="0" skY="0" scX="0.9495" scY="0.9495" pX="0.05" pY="0.1"/>
    </frame>
    <frame z="17" tweenEasing="0" duration="3">
     <transform x="14.3" y="-12.8" skX="0" skY="0" scX="0.9495" scY="0.9495" pX="0.05" pY="0.1"/>
    </frame>
    <frame z="17" tweenEasing="0" duration="3">
     <transform x="14.3" y="-15.25" skX="0" skY="0" scX="0.9495" scY="0.9495" pX="0.05" pY="0.05"/>
    </frame>
    <frame z="17" tweenEasing="0" duration="3">
     <transform x="14.3" y="-12.55" skX="0" skY="0" scX="0.9495" scY="0.9495" pX="0.05" pY="0.05"/>
    </frame>
    <frame z="17" duration="2">
     <transform x="14.3" y="-12.8" skX="0" skY="0" scX="0.9495" scY="0.9495" pX="0.05" pY="0.1"/>
    </frame>
    <frame z="17" tweenEasing="0" duration="3">
     <transform x="14.3" y="-12.8" skX="0" skY="0" scX="0.9495" scY="0.9495" pX="0.05" pY="0.1"/>
    </frame>
    <frame z="17" tweenEasing="0" duration="3">
     <transform x="14.3" y="-15.25" skX="0" skY="0" scX="0.9495" scY="0.9495" pX="0.05" pY="0.05"/>
    </frame>
    <frame z="17" tweenEasing="0" duration="3">
     <transform x="14.3" y="-12.55" skX="0" skY="0" scX="0.9495" scY="0.9495" pX="0.05" pY="0.05"/>
    </frame>
    <frame z="17" duration="4">
     <transform x="14.3" y="-12.8" skX="0" skY="0" scX="0.9495" scY="0.9495" pX="0.05" pY="0.1"/>
    </frame>
    <frame duration="15" displayIndex="-1"/>
   </timeline>
   <timeline name="wll_new_cm_guanziqian" scale="1" offset="0">
    <frame duration="11" displayIndex="-1"/>
    <frame z="18" tweenEasing="0" duration="3">
     <transform x="12.1" y="11.1" skX="-78.96" skY="-78.96" scX="0.7914" scY="0.7914" pX="0" pY="0"/>
    </frame>
    <frame z="18" tweenEasing="0" duration="5">
     <transform x="14.15" y="-2.85" skX="0" skY="0" scX="1" scY="1" pX="-0.05" pY="0.05"/>
    </frame>
    <frame z="18" tweenEasing="0" duration="26">
     <transform x="14.15" y="2.15" skX="0" skY="0" scX="1" scY="1" pX="-0.05" pY="0.05"/>
    </frame>
    <frame z="18" duration="1">
     <transform x="14.15" y="2.15" skX="0" skY="0" scX="1" scY="1" pX="-0.05" pY="0.05"/>
    </frame>
    <frame duration="15" displayIndex="-1"/>
   </timeline>
   <timeline name="effect02" scale="1" offset="0">
    <frame duration="26" displayIndex="-1"/>
    <frame z="19" duration="16">
     <transform x="9.65" y="-13.15" skX="9.25" skY="9.25" scX="1.5126" scY="2.5986" pX="0" pY="0"/>
    </frame>
    <frame duration="19" displayIndex="-1"/>
   </timeline>
   <timeline name="effect01" scale="1" offset="0">
    <frame duration="37" displayIndex="-1"/>
    <frame z="20" duration="16">
     <transform x="9.15" y="-14.25" skX="9.25" skY="9.25" scX="1.5126" scY="2.7263" pX="0" pY="0"/>
    </frame>
    <frame duration="8" displayIndex="-1"/>
   </timeline>
   <timeline name="wll_new_cm_chibang_cbbbbb" scale="1" offset="0">
    <frame duration="11" displayIndex="-1"/>
    <frame z="21" tweenEasing="0" duration="3">
     <transform x="-4.05" y="-1.3" skX="-60.6" skY="-66.3" scX="0.8651" scY="0.701" pX="0" pY="0"/>
    </frame>
    <frame z="21" tweenEasing="0" duration="5">
     <transform x="21" y="-29.65" skX="5.37" skY="2.59" scX="0.9909" scY="1.0103" pX="0.1" pY="0.1"/>
    </frame>
    <frame z="21" duration="3">
     <transform x="20" y="-26.7" skX="0" skY="0" scX="1" scY="1" pX="0.15" pY="0.05"/>
    </frame>
    <frame z="21" tweenEasing="0" duration="3">
     <transform x="20" y="-26.7" skX="0" skY="0" scX="1" scY="1" pX="0.15" pY="0.05"/>
    </frame>
    <frame z="21" tweenEasing="0" duration="3">
     <transform x="20.4" y="-27.65" skX="7.47" skY="14.03" scX="1.0066" scY="1" pX="-0.05" pY="0.45"/>
    </frame>
    <frame z="21" tweenEasing="0" duration="3">
     <transform x="20.45" y="-25.85" skX="-13.57" skY="-14.04" scX="1.0111" scY="0.989" pX="-0.3" pY="0.3"/>
    </frame>
    <frame z="21" duration="2">
     <transform x="20.4" y="-26.1" skX="-11.28" skY="-11.54" scX="1.01" scY="0.9901" pX="-0.2" pY="0.3"/>
    </frame>
    <frame z="21" tweenEasing="0" duration="3">
     <transform x="20.4" y="-26.1" skX="-11.28" skY="-11.54" scX="1.01" scY="0.9901" pX="-0.2" pY="0.3"/>
    </frame>
    <frame z="21" tweenEasing="0" duration="3">
     <transform x="20.4" y="-27.65" skX="7.47" skY="14.03" scX="1.0066" scY="1" pX="-0.05" pY="0.45"/>
    </frame>
    <frame z="21" tweenEasing="0" duration="3">
     <transform x="20.45" y="-25.85" skX="-13.57" skY="-14.04" scX="1.0111" scY="0.989" pX="-0.3" pY="0.3"/>
    </frame>
    <frame z="21" duration="4">
     <transform x="20.4" y="-26.1" skX="-11.28" skY="-11.54" scX="1.01" scY="0.9901" pX="-0.2" pY="0.3"/>
    </frame>
    <frame duration="15" displayIndex="-1"/>
   </timeline>
   <timeline name="wll_new_cm_chibang_cccccc" scale="1" offset="0">
    <frame duration="11" displayIndex="-1"/>
    <frame z="22" tweenEasing="0" duration="3">
     <transform x="17.4" y="-3.9" skX="-60.6" skY="-66.3" scX="0.8651" scY="0.701" pX="0" pY="0"/>
    </frame>
    <frame z="22" tweenEasing="0" duration="5">
     <transform x="33.4" y="-2.1" skX="5.37" skY="2.59" scX="0.9909" scY="1.0103" pX="0" pY="0.2"/>
    </frame>
    <frame z="22" tweenEasing="0" duration="26">
     <transform x="35" y="0" skX="0" skY="0" scX="1" scY="1" pX="0.15" pY="0.15"/>
    </frame>
    <frame z="22" duration="1">
     <transform x="35" y="0" skX="0" skY="0" scX="1" scY="1" pX="0.15" pY="0.15"/>
    </frame>
    <frame duration="15" displayIndex="-1"/>
   </timeline>
   <timeline name="effect" scale="1" offset="0">
    <frame duration="10" displayIndex="-1"/>
    <frame z="23" tweenEasing="0" duration="3">
     <transform x="20.75" y="-43.25" skX="6.5" skY="6.5" scX="0.3086" scY="0.4974" pX="0" pY="0"/>
     <colorTransform aO="0" rO="0" gO="0" bO="0" aM="0" rM="100" gM="100" bM="100"/>
    </frame>
    <frame z="23" tweenEasing="0" duration="6">
     <transform x="21.55" y="-42.8" skX="0" skY="0" scX="0.7591" scY="1.2236" pX="0.2" pY="-0.1"/>
    </frame>
    <frame z="23" tweenEasing="0" duration="6">
     <transform x="21.6" y="-42.8" skX="0" skY="0" scX="0.9028" scY="1.4551" pX="0.15" pY="-0.15"/>
    </frame>
    <frame z="23" duration="1">
     <transform x="21.55" y="-42.8" skX="0" skY="0" scX="0.7591" scY="1.2236" pX="0.2" pY="-0.1"/>
     <colorTransform aO="0" rO="0" gO="0" bO="0" aM="0" rM="100" gM="100" bM="100"/>
    </frame>
    <frame duration="35" displayIndex="-1"/>
   </timeline>
  </animation>
 </armature>
 <armature name="wll_new_cm_penwu_M">
  <bone name="penwu">
   <transform x="-5.65" y="0.5" skX="0" skY="3.53" scX="0.5255" scY="0.6092"/>
  </bone>
  <bone name="penwu_0">
   <transform x="-5.65" y="0.5" skX="0" skY="3.53" scX="0.5255" scY="0.6092"/>
  </bone>
  <skin name="default">
   <slot name="penwu" parent="penwu" z="0">
    <display name="wll_new_cm_penwu01" type="image">
     <transform x="0.3" y="-0.15" skX="0" skY="0" scX="1" scY="1" pX="38.05" pY="21.4"/>
    </display>
    <display name="wll_new_cm_penwu02" type="image">
     <transform x="0.1" y="0.1" skX="0" skY="0" scX="1" scY="1" pX="38.05" pY="21.4"/>
    </display>
    <display name="wll_new_cm_penwu03" type="image">
     <transform x="0.05" y="0" skX="0" skY="0" scX="1" scY="1" pX="38.05" pY="21.4"/>
    </display>
    <display name="wll_new_cm_penwu04" type="image">
     <transform x="0.05" y="0" skX="0" skY="0" scX="1" scY="1" pX="37.95" pY="20.9"/>
    </display>
    <display name="wll_new_cm_penwu05" type="image">
     <transform x="0" y="0" skX="0" skY="0" scX="1" scY="1" pX="38.05" pY="21.4"/>
    </display>
    <display name="wll_new_cm_penwu06" type="image">
     <transform x="0" y="0" skX="0" skY="0" scX="1" scY="1" pX="38.05" pY="21.4"/>
    </display>
    <display name="wll_new_cm_penwu07" type="image">
     <transform x="0.05" y="0" skX="0" skY="0" scX="1" scY="1" pX="38.05" pY="21.4"/>
    </display>
   </slot>
   <slot name="penwu_0" parent="penwu_0" z="1">
    <display name="wll_new_cm_penwu01" type="image">
     <transform x="0.3" y="-0.15" skX="0" skY="0" scX="1" scY="1" pX="38.05" pY="21.4"/>
    </display>
    <display name="wll_new_cm_penwu02" type="image">
     <transform x="0.1" y="0.1" skX="0" skY="0" scX="1" scY="1" pX="38.05" pY="21.4"/>
    </display>
    <display name="wll_new_cm_penwu03" type="image">
     <transform x="0.05" y="0" skX="0" skY="0" scX="1" scY="1" pX="38.05" pY="21.4"/>
    </display>
    <display name="wll_new_cm_penwu04" type="image">
     <transform x="0.05" y="0" skX="0" skY="0" scX="1" scY="1" pX="37.95" pY="20.9"/>
    </display>
    <display name="wll_new_cm_penwu05" type="image">
     <transform x="0" y="0" skX="0" skY="0" scX="1" scY="1" pX="38.05" pY="21.4"/>
    </display>
    <display name="wll_new_cm_penwu06" type="image">
     <transform x="0" y="0" skX="0" skY="0" scX="1" scY="1" pX="38.05" pY="21.4"/>
    </display>
    <display name="wll_new_cm_penwu07" type="image">
     <transform x="0.05" y="0" skX="0" skY="0" scX="1" scY="1" pX="38.05" pY="21.4"/>
    </display>
   </slot>
  </skin>
  <animation name="0" fadeInTime="0" duration="16" scale="1" loop="1" autoTween="0" tweenEasing="NaN">
   <timeline name="penwu" scale="1" offset="0">
    <frame z="0" tweenEasing="NaN" duration="2">
     <transform x="-5.65" y="0.5" skX="0" skY="3.53" scX="0.5255" scY="0.6092" pX="0" pY="0"/>
    </frame>
    <frame z="0" displayIndex="1" tweenEasing="NaN" duration="2">
     <transform x="-18.85" y="-0.75" skX="0" skY="0" scX="0.7118" scY="0.7118" pX="0" pY="0"/>
    </frame>
    <frame z="0" displayIndex="2" tweenEasing="NaN" duration="2">
     <transform x="-34.4" y="-0.4" skX="0" skY="0" scX="1" scY="1" pX="0" pY="0"/>
    </frame>
    <frame z="0" displayIndex="3" tweenEasing="NaN" duration="2">
     <transform x="-39.05" y="-0.3" skX="0" skY="0" scX="1" scY="1" pX="0" pY="0"/>
    </frame>
    <frame z="0" displayIndex="4" tweenEasing="NaN" duration="2">
     <transform x="-39.95" y="0" skX="0" skY="0" scX="1" scY="1" pX="0" pY="0"/>
    </frame>
    <frame z="0" displayIndex="5" tweenEasing="NaN" duration="2">
     <transform x="-50.45" y="-1.65" skX="0" skY="0" scX="1" scY="1" pX="0" pY="0"/>
    </frame>
    <frame z="0" displayIndex="6" tweenEasing="NaN" duration="2">
     <transform x="-57.55" y="-1.5" skX="0" skY="0" scX="1" scY="1" pX="0" pY="0"/>
    </frame>
    <frame duration="2" displayIndex="-1"/>
   </timeline>
   <timeline name="penwu_0" scale="1" offset="0">
    <frame z="1" tweenEasing="NaN" duration="2">
     <transform x="-5.65" y="0.5" skX="0" skY="3.53" scX="0.5255" scY="0.6092" pX="0" pY="0"/>
    </frame>
    <frame z="1" displayIndex="1" tweenEasing="NaN" duration="2">
     <transform x="-18.85" y="-0.75" skX="0" skY="0" scX="0.7118" scY="0.7118" pX="0" pY="0"/>
    </frame>
    <frame z="1" displayIndex="2" tweenEasing="NaN" duration="2">
     <transform x="-34.4" y="-0.4" skX="0" skY="0" scX="1" scY="1" pX="0" pY="0"/>
    </frame>
    <frame z="1" displayIndex="3" tweenEasing="NaN" duration="2">
     <transform x="-39.05" y="-0.3" skX="0" skY="0" scX="1" scY="1" pX="0" pY="0"/>
    </frame>
    <frame z="1" displayIndex="4" tweenEasing="NaN" duration="2">
     <transform x="-39.95" y="0" skX="0" skY="0" scX="1" scY="1" pX="0" pY="0"/>
    </frame>
    <frame z="1" displayIndex="5" tweenEasing="NaN" duration="2">
     <transform x="-50.45" y="-1.65" skX="0" skY="0" scX="1" scY="1" pX="0" pY="0"/>
    </frame>
    <frame z="1" displayIndex="6" tweenEasing="NaN" duration="2">
     <transform x="-57.55" y="-1.5" skX="0" skY="0" scX="1" scY="1" pX="0" pY="0"/>
    </frame>
    <frame duration="2" displayIndex="-1"/>
   </timeline>
  </animation>
 </armature>
 <armature name="wll_new_bcm_chibangy">
  <bone name="cb">
   <transform x="-21.2" y="-5.75" skX="0.5" skY="0.5" scX="1" scY="1"/>
  </bone>
  <skin name="default">
   <slot name="cb" parent="cb" z="0">
    <display name="wll_new_bcm_chibangy_a" type="image">
     <transform x="21.3" y="5.6" skX="0" skY="0" scX="1" scY="1" pX="22.25" pY="16.3"/>
    </display>
    <display name="wll_new_bcm_chibangy_b" type="image">
     <transform x="21.3" y="5.6" skX="0" skY="0" scX="1" scY="1" pX="23.9" pY="12.7"/>
    </display>
    <display name="wll_new_bcm_chibangy_c" type="image">
     <transform x="21.3" y="5.6" skX="0" skY="0" scX="1" scY="1" pX="34.15" pY="13.45"/>
    </display>
    <display name="wll_new_bcm_chibangy_d" type="image">
     <transform x="21.3" y="5.6" skX="0" skY="0" scX="1" scY="1" pX="21.85" pY="13.1"/>
    </display>
   </slot>
  </skin>
  <animation name="0" fadeInTime="0.25" duration="12" scale="1" loop="0" autoTween="1" tweenEasing="NaN">
   <timeline name="cb" scale="1" offset="0">
    <frame z="0" duration="3">
     <transform x="-21.2" y="-5.75" skX="0.5" skY="0.5" scX="1" scY="1" pX="0" pY="0"/>
    </frame>
    <frame z="0" displayIndex="1" duration="3">
     <transform x="-21.2" y="-5.75" skX="0.5" skY="0.5" scX="1" scY="1" pX="0" pY="0"/>
    </frame>
    <frame z="0" displayIndex="2" duration="3">
     <transform x="-21.2" y="-5.75" skX="0.5" skY="0.5" scX="1" scY="1" pX="0" pY="0"/>
    </frame>
    <frame z="0" displayIndex="3" duration="3">
     <transform x="-21.2" y="-5.75" skX="0.5" skY="0.5" scX="1" scY="1" pX="0" pY="0"/>
    </frame>
   </timeline>
  </animation>
 </armature>
 <armature name="wll_new_bcm_chibang">
  <bone name="chibangbcm">
   <transform x="19.3" y="-6.85" skX="0.16" skY="0.16" scX="1" scY="1"/>
  </bone>
  <skin name="default">
   <slot name="chibangbcm" parent="chibangbcm" z="0">
    <display name="wll_new_bcm_chibang_c" type="image">
     <transform x="-19.3" y="6.8" skX="0" skY="0" scX="1" scY="1" pX="20.15" pY="15.35"/>
    </display>
    <display name="wll_new_bcm_chibang_d" type="image">
     <transform x="-19.3" y="6.8" skX="0" skY="0" scX="1" scY="1" pX="18" pY="13.25"/>
    </display>
    <display name="wll_new_bcm_chibang_e" type="image">
     <transform x="-19.3" y="6.8" skX="0" skY="0" scX="1" scY="1" pX="-5.55" pY="12.35"/>
    </display>
    <display name="wll_new_bcm_chibang_f" type="image">
     <transform x="-19.3" y="6.8" skX="0" skY="0" scX="1" scY="1" pX="10.7" pY="12.55"/>
    </display>
   </slot>
  </skin>
  <animation name="0" fadeInTime="0.25" duration="12" scale="1" loop="0" autoTween="1" tweenEasing="NaN">
   <timeline name="chibangbcm" scale="1" offset="0">
    <frame z="0" duration="3">
     <transform x="19.3" y="-6.85" skX="0.16" skY="0.16" scX="1" scY="1" pX="0" pY="0"/>
    </frame>
    <frame z="0" displayIndex="1" duration="3">
     <transform x="19.3" y="-6.85" skX="0.16" skY="0.16" scX="1" scY="1" pX="0" pY="0"/>
    </frame>
    <frame z="0" displayIndex="2" duration="3">
     <transform x="19.3" y="-6.85" skX="0.16" skY="0.16" scX="1" scY="1" pX="0" pY="0"/>
    </frame>
    <frame z="0" displayIndex="3" duration="3">
     <transform x="19.3" y="-6.85" skX="0.16" skY="0.16" scX="1" scY="1" pX="0" pY="0"/>
    </frame>
   </timeline>
  </animation>
 </armature>
 <armature name="cywll_huanxiangkuang_M">
  <bone name="cywll_huanxiangkuangdiese">
   <transform x="102.6" y="-155.85" skX="0" skY="0" scX="1" scY="1"/>
  </bone>
  <bone name="cywll_hailuowu">
   <transform x="90.45" y="-46.35" skX="0" skY="0" scX="1.0955" scY="1.0955"/>
  </bone>
  <bone name="cywll_huanxiangkuangxian">
   <transform x="102.6" y="-155.85" skX="0" skY="0" scX="1" scY="1"/>
  </bone>
  <skin name="default">
   <slot name="cywll_huanxiangkuangdiese" parent="cywll_huanxiangkuangdiese" z="0">
    <display name="cywll_huanxiangkuangdiese" type="image">
     <transform x="0" y="0.05" skX="0" skY="0" scX="1" scY="1" pX="225.1" pY="161.45"/>
    </display>
   </slot>
   <slot name="cywll_hailuowu" parent="cywll_hailuowu" z="1">
    <display name="cywll_hailuowu01" type="image">
     <transform x="-0.2" y="0.1" skX="0" skY="0" scX="1" scY="1" pX="133.65" pY="235.15"/>
    </display>
   </slot>
   <slot name="cywll_huanxiangkuangxian" parent="cywll_huanxiangkuangxian" z="2">
    <display name="cywll_huanxiangkuangxian" type="image">
     <transform x="0" y="0.05" skX="0" skY="0" scX="1" scY="1" pX="227.1" pY="163.45"/>
    </display>
   </slot>
  </skin>
  <animation name="0" fadeInTime="0.1" duration="2" scale="5" loop="0" autoTween="1" tweenEasing="2">
   <timeline name="cywll_huanxiangkuangdiese" scale="1" offset="0">
    <frame z="0" duration="2">
     <transform x="102.6" y="-155.85" skX="0" skY="0" scX="1" scY="1" pX="0" pY="0"/>
    </frame>
   </timeline>
   <timeline name="cywll_hailuowu" scale="1" offset="0">
    <frame z="1" duration="2">
     <transform x="90.45" y="-46.35" skX="0" skY="0" scX="1.0955" scY="1.0955" pX="0" pY="0"/>
    </frame>
   </timeline>
   <timeline name="cywll_huanxiangkuangxian" scale="1" offset="0">
    <frame z="2" duration="2">
     <transform x="102.6" y="-155.85" skX="0" skY="0" scX="1" scY="1" pX="0" pY="0"/>
    </frame>
   </timeline>
  </animation>
  <animation name="1" fadeInTime="0.1" duration="2" scale="5" loop="0" autoTween="1" tweenEasing="2"/>
 </armature>
</dragonBones>