<dragonBones name="新去哪玩法转场 - 副本" frameRate="24" version="2.3">
 <armature name="gui_quna_progressbar_bg_high">
  <bone name="a">
   <transform x="0" y="0" skX="0" skY="0" scX="1" scY="1"/>
  </bone>
  <skin name="default">
   <slot name="a" parent="a" z="0">
    <display name="gui_quna_progressbar_kong" type="image">
     <transform x="0" y="0" skX="0" skY="0" scX="1" scY="1" pX="100.7" pY="100.7"/>
    </display>
   </slot>
  </skin>
  <animation name="0" fadeInTime="0.3" duration="2" scale="5" loop="0" autoTween="NaN" tweenEasing="2">
   <timeline name="a" scale="1" offset="0">
    <frame z="0" duration="1">
     <transform x="0" y="0" skX="0" skY="0" scX="1" scY="1" pX="0" pY="0"/>
    </frame>
    <frame z="0" duration="1">
     <transform x="0" y="0" skX="0" skY="0" scX="1" scY="1" pX="0" pY="0"/>
    </frame>
   </timeline>
  </animation>
 </armature>
 <armature name="gui_quna_progressbar_bg_low">
  <bone name="a">
   <transform x="0" y="-0.05" skX="0" skY="0" scX="1" scY="1"/>
  </bone>
  <skin name="default">
   <slot name="a" parent="a" z="0">
    <display name="gui_quna_progressbar_kong" type="image">
     <transform x="0" y="0" skX="0" skY="0" scX="1" scY="1" pX="100.7" pY="100.7"/>
    </display>
   </slot>
  </skin>
  <animation name="0" fadeInTime="0.3" duration="2" scale="5" loop="0" autoTween="NaN" tweenEasing="2">
   <timeline name="a" scale="1" offset="0">
    <frame z="0" duration="1">
     <transform x="0" y="-0.05" skX="0" skY="0" scX="1" scY="1" pX="0" pY="0"/>
    </frame>
    <frame z="0" duration="1">
     <transform x="0" y="-0.05" skX="0" skY="0" scX="1" scY="1" pX="0" pY="0"/>
    </frame>
   </timeline>
  </animation>
 </armature>
</dragonBones>