<dragonBones name="西游点击效果" frameRate="24" version="2.3">
 <armature name="xy_efface_touch">
  <bone name="a">
   <transform x="0" y="0.05" skX="0" skY="0" scX="0.24" scY="0.24"/>
  </bone>
  <bone name="b">
   <transform x="0" y="0.05" skX="0" skY="0" scX="0.24" scY="0.24"/>
  </bone>
  <bone name="ef">
   <transform x="0.05" y="0" skX="0" skY="0" scX="0.2" scY="0.2"/>
  </bone>
  <skin name="default">
   <slot name="a" parent="a" z="0">
    <display name="xy_efface_touch_01ef" type="armature">
     <transform x="0" y="0" skX="0" skY="0" scX="1" scY="1"/>
    </display>
   </slot>
   <slot name="b" parent="b" z="1">
    <display name="xy_efface_touch_01ef" type="armature">
     <transform x="0" y="0" skX="0" skY="0" scX="1" scY="1"/>
    </display>
   </slot>
   <slot name="ef" parent="ef" z="2">
    <display name="xy_efface_star01_01mov" type="armature">
     <transform x="0" y="0" skX="0" skY="0" scX="1" scY="1"/>
    </display>
   </slot>
  </skin>
  <animation name="0" fadeInTime="0" duration="39" scale="0.6" loop="1" autoTween="1" tweenEasing="NaN">
   <timeline name="a" scale="1" offset="0">
    <frame z="0" tweenEasing="0" duration="4">
     <transform x="0" y="0.05" skX="0" skY="0" scX="0.24" scY="0.24" pX="0" pY="0"/>
     <colorTransform aO="0" rO="0" gO="0" bO="0" aM="0" rM="100" gM="100" bM="100"/>
    </frame>
    <frame z="0" tweenEasing="0" duration="4">
     <transform x="0" y="0.05" skX="0" skY="0" scX="0.79" scY="0.79" pX="0" pY="0"/>
     <colorTransform aO="0" rO="0" gO="0" bO="0" aM="80" rM="100" gM="100" bM="100"/>
    </frame>
    <frame z="0" tweenEasing="0" duration="4">
     <transform x="0" y="0.05" skX="0" skY="0" scX="1.01" scY="1.01" pX="0" pY="0"/>
     <colorTransform aO="0" rO="0" gO="0" bO="0" aM="80" rM="100" gM="100" bM="100"/>
    </frame>
    <frame z="0" tweenEasing="0" duration="4">
     <transform x="0" y="0.15" skX="0" skY="0" scX="1.14" scY="1.14" pX="0" pY="0"/>
     <colorTransform aO="0" rO="0" gO="0" bO="0" aM="80" rM="100" gM="100" bM="100"/>
    </frame>
    <frame z="0" tweenEasing="0" duration="4">
     <transform x="0" y="0.05" skX="0" skY="0" scX="1.22" scY="1.22" pX="0" pY="0"/>
     <colorTransform aO="0" rO="0" gO="0" bO="0" aM="80" rM="100" gM="100" bM="100"/>
    </frame>
    <frame z="0" tweenEasing="0" duration="4">
     <transform x="0" y="0.05" skX="0" skY="0" scX="1.27" scY="1.27" pX="0" pY="0"/>
     <colorTransform aO="0" rO="0" gO="0" bO="0" aM="40" rM="100" gM="100" bM="100"/>
    </frame>
    <frame z="0" duration="1">
     <transform x="0" y="0.05" skX="0" skY="0" scX="1.29" scY="1.29" pX="0" pY="0"/>
     <colorTransform aO="0" rO="0" gO="0" bO="0" aM="0" rM="100" gM="100" bM="100"/>
    </frame>
    <frame duration="14" displayIndex="-1"/>
   </timeline>
   <timeline name="b" scale="1" offset="0">
    <frame duration="12" displayIndex="-1"/>
    <frame z="1" tweenEasing="0" duration="4">
     <transform x="0" y="0.05" skX="0" skY="0" scX="0.24" scY="0.24" pX="0" pY="0"/>
     <colorTransform aO="0" rO="0" gO="0" bO="0" aM="0" rM="100" gM="100" bM="100"/>
    </frame>
    <frame z="1" tweenEasing="0" duration="4">
     <transform x="0" y="0.05" skX="0" skY="0" scX="0.79" scY="0.79" pX="0" pY="0"/>
     <colorTransform aO="0" rO="0" gO="0" bO="0" aM="80" rM="100" gM="100" bM="100"/>
    </frame>
    <frame z="1" tweenEasing="0" duration="4">
     <transform x="0" y="0.05" skX="0" skY="0" scX="1.01" scY="1.01" pX="0" pY="0"/>
     <colorTransform aO="0" rO="0" gO="0" bO="0" aM="80" rM="100" gM="100" bM="100"/>
    </frame>
    <frame z="1" tweenEasing="0" duration="4">
     <transform x="0" y="0.15" skX="0" skY="0" scX="1.14" scY="1.14" pX="0" pY="0"/>
     <colorTransform aO="0" rO="0" gO="0" bO="0" aM="80" rM="100" gM="100" bM="100"/>
    </frame>
    <frame z="1" tweenEasing="0" duration="4">
     <transform x="0" y="0.05" skX="0" skY="0" scX="1.22" scY="1.22" pX="0" pY="0"/>
     <colorTransform aO="0" rO="0" gO="0" bO="0" aM="80" rM="100" gM="100" bM="100"/>
    </frame>
    <frame z="1" tweenEasing="0" duration="4">
     <transform x="0" y="0.05" skX="0" skY="0" scX="1.27" scY="1.27" pX="0" pY="0"/>
     <colorTransform aO="0" rO="0" gO="0" bO="0" aM="40" rM="100" gM="100" bM="100"/>
    </frame>
    <frame z="1" duration="1">
     <transform x="0" y="0.05" skX="0" skY="0" scX="1.29" scY="1.29" pX="0" pY="0"/>
     <colorTransform aO="0" rO="0" gO="0" bO="0" aM="0" rM="100" gM="100" bM="100"/>
    </frame>
    <frame duration="2" displayIndex="-1"/>
   </timeline>
   <timeline name="ef" scale="1" offset="0">
    <frame z="2" duration="39">
     <transform x="0.05" y="0" skX="0" skY="0" scX="0.2" scY="0.2" pX="0" pY="0"/>
    </frame>
   </timeline>
  </animation>
 </armature>
 <armature name="xy_efface_star01_01mov">
  <bone name="8">
   <transform x="-3.95" y="4.45" skX="-5.24" skY="-5.24" scX="1" scY="1"/>
  </bone>
  <bone name="7">
   <transform x="5.25" y="12.45" skX="73.67" skY="73.67" scX="0.77" scY="0.77"/>
  </bone>
  <bone name="6">
   <transform x="10.1" y="-13.55" skX="45.39" skY="45.39" scX="1.15" scY="1.15"/>
  </bone>
  <bone name="5">
   <transform x="16.65" y="3.05" skX="-37.69" skY="-37.69" scX="0.82" scY="0.82"/>
  </bone>
  <bone name="4">
   <transform x="27.35" y="-7.9" skX="-28.94" skY="-28.94" scX="0.42" scY="0.42"/>
  </bone>
  <bone name="3">
   <transform x="-10.85" y="-21.65" skX="31.77" skY="31.77" scX="0.73" scY="0.73"/>
  </bone>
  <bone name="2">
   <transform x="-11.35" y="-5" skX="55.57" skY="55.57" scX="0.48" scY="0.48"/>
  </bone>
  <bone name="1">
   <transform x="-34.1" y="-33.35" skX="30.96" skY="30.96" scX="0.67" scY="0.67"/>
  </bone>
  <bone name="0">
   <transform x="16.85" y="-30.35" skX="55.57" skY="55.57" scX="0.57" scY="0.57"/>
  </bone>
  <bone name="10">
   <transform x="-17.6" y="-15.7" skX="27.76" skY="27.76" scX="0.16" scY="0.16"/>
  </bone>
  <bone name="2_0">
   <transform x="1.05" y="-13.25" skX="42.03" skY="42.03" scX="0.42" scY="0.42"/>
  </bone>
  <bone name="11">
   <transform x="11.9" y="2.15" skX="64.12" skY="64.12" scX="2.1" scY="2.1"/>
  </bone>
  <skin name="default">
   <slot name="8" parent="8" z="0">
    <display name="xy_efface_lvup_djsj09" type="image">
     <transform x="0" y="0" skX="0" skY="0" scX="1" scY="1" pX="29" pY="29"/>
    </display>
   </slot>
   <slot name="7" parent="7" z="1">
    <display name="xy_efface_lvup_djsj09" type="image">
     <transform x="0" y="0" skX="0" skY="0" scX="1" scY="1" pX="29" pY="29"/>
    </display>
   </slot>
   <slot name="6" parent="6" z="2">
    <display name="xy_efface_lvup_djsj09" type="image">
     <transform x="0" y="0" skX="0" skY="0" scX="1" scY="1" pX="29" pY="29"/>
    </display>
   </slot>
   <slot name="5" parent="5" z="3">
    <display name="xy_efface_lvup_djsj09" type="image">
     <transform x="0" y="0" skX="0" skY="0" scX="1" scY="1" pX="29" pY="29"/>
    </display>
   </slot>
   <slot name="4" parent="4" z="4">
    <display name="xy_efface_lvup_djsj09" type="image">
     <transform x="0" y="0" skX="0" skY="0" scX="1" scY="1" pX="29" pY="29"/>
    </display>
   </slot>
   <slot name="3" parent="3" z="5">
    <display name="xy_efface_lvup_djsj09" type="image">
     <transform x="0" y="0" skX="0" skY="0" scX="1" scY="1" pX="29" pY="29"/>
    </display>
   </slot>
   <slot name="2" parent="2" z="6">
    <display name="xy_efface_lvup_djsj09" type="image">
     <transform x="0" y="0" skX="0" skY="0" scX="1" scY="1" pX="29" pY="29"/>
    </display>
   </slot>
   <slot name="1" parent="1" z="7">
    <display name="xy_efface_lvup_djsj09" type="image">
     <transform x="0" y="0" skX="0" skY="0" scX="1" scY="1" pX="29" pY="29"/>
    </display>
   </slot>
   <slot name="0" parent="0" z="8">
    <display name="xy_efface_lvup_djsj09" type="image">
     <transform x="0" y="0" skX="0" skY="0" scX="1" scY="1" pX="29" pY="29"/>
    </display>
   </slot>
   <slot name="10" parent="10" z="9">
    <display name="xy_efface_lvup_djsj09" type="image">
     <transform x="0" y="0" skX="0" skY="0" scX="1" scY="1" pX="29" pY="29"/>
    </display>
   </slot>
   <slot name="2_0" parent="2_0" z="10">
    <display name="xy_efface_lvup_djsj09" type="image">
     <transform x="0" y="0" skX="0" skY="0" scX="1" scY="1" pX="29" pY="29"/>
    </display>
   </slot>
   <slot name="11" parent="11" z="11">
    <display name="xy_efface_lvup_djsj09" type="image">
     <transform x="0" y="0" skX="0" skY="0" scX="1" scY="1" pX="29" pY="29"/>
    </display>
   </slot>
  </skin>
  <animation name="0" fadeInTime="0.3" duration="22" scale="1" loop="1" autoTween="NaN" tweenEasing="NaN">
   <timeline name="8" scale="1" offset="0">
    <frame duration="2" displayIndex="-1"/>
    <frame z="0" tweenEasing="0" duration="1">
     <transform x="-3.95" y="4.45" skX="-5.24" skY="-5.24" scX="1" scY="1" pX="0" pY="0"/>
    </frame>
    <frame z="0" tweenEasing="0" duration="2">
     <transform x="-25.1" y="23.05" skX="0.27" skY="0.27" scX="1" scY="1" pX="0" pY="0"/>
    </frame>
    <frame z="0" tweenEasing="0" duration="2">
     <transform x="-74.2" y="52.15" skX="11.52" skY="11.52" scX="1" scY="1" pX="0" pY="0"/>
    </frame>
    <frame z="0" tweenEasing="0" duration="2">
     <transform x="-119.95" y="86.55" skX="22.78" skY="22.78" scX="1" scY="1" pX="0" pY="0"/>
    </frame>
    <frame z="0" tweenEasing="0" duration="2">
     <transform x="-161.25" y="126" skX="33.99" skY="33.99" scX="1" scY="1" pX="0" pY="0"/>
    </frame>
    <frame z="0" tweenEasing="0" duration="2">
     <transform x="-167.1" y="131.55" skX="27.85" skY="27.85" scX="1" scY="1" pX="0" pY="0"/>
     <colorTransform aO="0" rO="0" gO="0" bO="0" aM="67" rM="100" gM="100" bM="100"/>
    </frame>
    <frame z="0" tweenEasing="0" duration="2">
     <transform x="-173.05" y="137.05" skX="21.82" skY="21.82" scX="1" scY="1" pX="0" pY="0"/>
     <colorTransform aO="0" rO="0" gO="0" bO="0" aM="34" rM="100" gM="100" bM="100"/>
    </frame>
    <frame z="0" duration="1">
     <transform x="-179.65" y="141.6" skX="16" skY="16" scX="1" scY="1" pX="0" pY="0"/>
     <colorTransform aO="0" rO="0" gO="0" bO="0" aM="0" rM="100" gM="100" bM="100"/>
    </frame>
    <frame duration="6" displayIndex="-1"/>
   </timeline>
   <timeline name="7" scale="1" offset="0">
    <frame duration="4" displayIndex="-1"/>
    <frame z="1" tweenEasing="0" duration="2">
     <transform x="5.25" y="12.45" skX="73.67" skY="73.67" scX="0.77" scY="0.77" pX="0" pY="0"/>
    </frame>
    <frame z="1" tweenEasing="0" duration="2">
     <transform x="-3.9" y="47.25" skX="56.43" skY="56.43" scX="0.88" scY="0.88" pX="0" pY="0"/>
    </frame>
    <frame z="1" tweenEasing="0" duration="3">
     <transform x="-12.55" y="82.25" skX="39.13" skY="39.13" scX="0.98" scY="0.98" pX="0" pY="0"/>
    </frame>
    <frame z="1" tweenEasing="0" duration="2">
     <transform x="-19.8" y="135.8" skX="13.45" skY="13.45" scX="1.15" scY="1.15" pX="0" pY="0"/>
    </frame>
    <frame z="1" tweenEasing="0" duration="2">
     <transform x="-20.15" y="145.45" skX="6.8" skY="6.8" scX="1.15" scY="1.15" pX="0" pY="0"/>
     <colorTransform aO="0" rO="0" gO="0" bO="0" aM="67" rM="100" gM="100" bM="100"/>
    </frame>
    <frame z="1" tweenEasing="0" duration="2">
     <transform x="-20.35" y="155.05" skX="0.28" skY="0.28" scX="1.15" scY="1.15" pX="0" pY="0"/>
     <colorTransform aO="0" rO="0" gO="0" bO="0" aM="34" rM="100" gM="100" bM="100"/>
    </frame>
    <frame z="1" duration="1">
     <transform x="-20.25" y="164.75" skX="-6.03" skY="-6.03" scX="1.15" scY="1.15" pX="0" pY="0"/>
     <colorTransform aO="0" rO="0" gO="0" bO="0" aM="0" rM="100" gM="100" bM="100"/>
    </frame>
    <frame duration="4" displayIndex="-1"/>
   </timeline>
   <timeline name="6" scale="1" offset="0">
    <frame duration="3" displayIndex="-1"/>
    <frame z="2" tweenEasing="0" duration="2">
     <transform x="10.1" y="-13.55" skX="45.39" skY="45.39" scX="1.15" scY="1.15" pX="0" pY="0"/>
    </frame>
    <frame z="2" tweenEasing="0" duration="1">
     <transform x="66.9" y="9.7" skX="28.09" skY="28.09" scX="1.15" scY="1.15" pX="0" pY="0"/>
    </frame>
    <frame z="2" tweenEasing="0" duration="2">
     <transform x="97.65" y="11.75" skX="19.57" skY="19.57" scX="1.15" scY="1.15" pX="0" pY="0"/>
    </frame>
    <frame z="2" tweenEasing="0" duration="2">
     <transform x="158.85" y="4.8" skX="2.31" skY="2.31" scX="1.15" scY="1.15" pX="0" pY="0"/>
    </frame>
    <frame z="2" tweenEasing="0" duration="2">
     <transform x="219.1" y="-8.4" skX="-14.57" skY="-14.57" scX="1.15" scY="1.15" pX="0" pY="0"/>
    </frame>
    <frame z="2" tweenEasing="0" duration="2">
     <transform x="225.45" y="-9.8" skX="-10.29" skY="-10.29" scX="1.15" scY="1.15" pX="0" pY="0"/>
     <colorTransform aO="0" rO="0" gO="0" bO="0" aM="67" rM="100" gM="100" bM="100"/>
    </frame>
    <frame z="2" tweenEasing="0" duration="2">
     <transform x="231.85" y="-11.15" skX="-6.05" skY="-6.05" scX="1.15" scY="1.15" pX="0" pY="0"/>
     <colorTransform aO="0" rO="0" gO="0" bO="0" aM="34" rM="100" gM="100" bM="100"/>
    </frame>
    <frame z="2" duration="1">
     <transform x="238" y="-13.85" skX="-2.08" skY="-2.08" scX="1.15" scY="1.15" pX="0" pY="0"/>
     <colorTransform aO="0" rO="0" gO="0" bO="0" aM="0" rM="100" gM="100" bM="100"/>
    </frame>
    <frame duration="5" displayIndex="-1"/>
   </timeline>
   <timeline name="5" scale="1" offset="0">
    <frame duration="6" displayIndex="-1"/>
    <frame z="3" tweenEasing="0" duration="2">
     <transform x="16.65" y="3.05" skX="-37.69" skY="-37.69" scX="0.82" scY="0.82" pX="0" pY="0"/>
    </frame>
    <frame z="3" tweenEasing="0" duration="3">
     <transform x="52.6" y="32.25" skX="-37.62" skY="-37.62" scX="0.87" scY="0.87" pX="0" pY="0"/>
    </frame>
    <frame z="3" tweenEasing="0" duration="2">
     <transform x="96.95" y="86.15" skX="-37.61" skY="-37.61" scX="0.95" scY="0.95" pX="0" pY="0"/>
    </frame>
    <frame z="3" tweenEasing="0" duration="2">
     <transform x="121.1" y="125.95" skX="-37.69" skY="-37.69" scX="1" scY="1" pX="0" pY="0"/>
    </frame>
    <frame z="3" tweenEasing="0" duration="2">
     <transform x="124.35" y="132.3" skX="-28.84" skY="-28.84" scX="1" scY="1" pX="0" pY="0"/>
     <colorTransform aO="0" rO="0" gO="0" bO="0" aM="67" rM="100" gM="100" bM="100"/>
    </frame>
    <frame z="3" tweenEasing="0" duration="2">
     <transform x="127.6" y="138.75" skX="-20.06" skY="-20.06" scX="1" scY="1" pX="0" pY="0"/>
     <colorTransform aO="0" rO="0" gO="0" bO="0" aM="34" rM="100" gM="100" bM="100"/>
    </frame>
    <frame z="3" duration="1">
     <transform x="130.75" y="145.15" skX="-11.46" skY="-11.46" scX="1" scY="1" pX="0" pY="0"/>
     <colorTransform aO="0" rO="0" gO="0" bO="0" aM="0" rM="100" gM="100" bM="100"/>
    </frame>
    <frame duration="2" displayIndex="-1"/>
   </timeline>
   <timeline name="4" scale="1" offset="0">
    <frame duration="5" displayIndex="-1"/>
    <frame z="4" tweenEasing="0" duration="2">
     <transform x="27.35" y="-7.9" skX="-28.94" skY="-28.94" scX="0.42" scY="0.42" pX="0" pY="0"/>
    </frame>
    <frame z="4" tweenEasing="0" duration="3">
     <transform x="61.1" y="-22.6" skX="-28.84" skY="-28.84" scX="0.42" scY="0.42" pX="0" pY="0"/>
    </frame>
    <frame z="4" tweenEasing="0" duration="2">
     <transform x="108.15" y="-51.55" skX="-28.83" skY="-28.83" scX="0.42" scY="0.42" pX="0" pY="0"/>
    </frame>
    <frame z="4" tweenEasing="0" duration="2">
     <transform x="139.75" y="-70.4" skX="-28.94" skY="-28.94" scX="0.42" scY="0.42" pX="0" pY="0"/>
    </frame>
    <frame z="4" tweenEasing="0" duration="2">
     <transform x="149.9" y="-76.45" skX="-28.84" skY="-28.84" scX="0.42" scY="0.42" pX="0" pY="0"/>
     <colorTransform aO="0" rO="0" gO="0" bO="0" aM="67" rM="100" gM="100" bM="100"/>
    </frame>
    <frame z="4" tweenEasing="0" duration="2">
     <transform x="160.15" y="-82.3" skX="-28.83" skY="-28.83" scX="0.42" scY="0.42" pX="0" pY="0"/>
     <colorTransform aO="0" rO="0" gO="0" bO="0" aM="34" rM="100" gM="100" bM="100"/>
    </frame>
    <frame z="4" duration="1">
     <transform x="170.2" y="-88.6" skX="-28.94" skY="-28.94" scX="0.42" scY="0.42" pX="0" pY="0"/>
     <colorTransform aO="0" rO="0" gO="0" bO="0" aM="0" rM="100" gM="100" bM="100"/>
    </frame>
    <frame duration="3" displayIndex="-1"/>
   </timeline>
   <timeline name="3" scale="1" offset="0">
    <frame duration="4" displayIndex="-1"/>
    <frame z="5" tweenEasing="0" duration="2">
     <transform x="-10.85" y="-21.65" skX="31.77" skY="31.77" scX="0.73" scY="0.73" pX="0" pY="0"/>
    </frame>
    <frame z="5" tweenEasing="0" duration="2">
     <transform x="-3.85" y="-69.7" skX="12.54" skY="12.54" scX="0.81" scY="0.81" pX="0" pY="0"/>
    </frame>
    <frame z="5" tweenEasing="0" duration="3">
     <transform x="11.25" y="-115.9" skX="-6.51" skY="-6.51" scX="0.88" scY="0.88" pX="0" pY="0"/>
    </frame>
    <frame z="5" tweenEasing="0" duration="2">
     <transform x="51.15" y="-177.2" skX="-35.21" skY="-35.21" scX="1" scY="1" pX="0" pY="0"/>
    </frame>
    <frame z="5" tweenEasing="0" duration="2">
     <transform x="57.5" y="-183.6" skX="-28.31" skY="-28.31" scX="1" scY="1" pX="0" pY="0"/>
     <colorTransform aO="0" rO="0" gO="0" bO="0" aM="67" rM="100" gM="100" bM="100"/>
    </frame>
    <frame z="5" tweenEasing="0" duration="2">
     <transform x="64.15" y="-189.6" skX="-21.31" skY="-21.31" scX="1" scY="1" pX="0" pY="0"/>
     <colorTransform aO="0" rO="0" gO="0" bO="0" aM="34" rM="100" gM="100" bM="100"/>
    </frame>
    <frame z="5" duration="1">
     <transform x="71.05" y="-195.3" skX="-14.49" skY="-14.49" scX="1" scY="1" pX="0" pY="0"/>
     <colorTransform aO="0" rO="0" gO="0" bO="0" aM="0" rM="100" gM="100" bM="100"/>
    </frame>
    <frame duration="4" displayIndex="-1"/>
   </timeline>
   <timeline name="2" scale="1" offset="0">
    <frame duration="2" displayIndex="-1"/>
    <frame z="6" tweenEasing="0" duration="2">
     <transform x="-11.35" y="-5" skX="55.57" skY="55.57" scX="0.48" scY="0.48" pX="0" pY="0"/>
    </frame>
    <frame z="6" tweenEasing="0" duration="2">
     <transform x="-41.1" y="-5.9" skX="55.64" skY="55.64" scX="0.57" scY="0.57" pX="0" pY="0"/>
    </frame>
    <frame z="6" tweenEasing="0" duration="3">
     <transform x="-71" y="-11.25" skX="55.66" skY="55.66" scX="0.65" scY="0.65" pX="0" pY="0"/>
    </frame>
    <frame z="6" tweenEasing="0" duration="2">
     <transform x="-115" y="-23.15" skX="55.57" skY="55.57" scX="0.78" scY="0.78" pX="0" pY="0"/>
    </frame>
    <frame z="6" tweenEasing="0" duration="2">
     <transform x="-125.05" y="-26.55" skX="55.64" skY="55.64" scX="0.78" scY="0.78" pX="0" pY="0"/>
     <colorTransform aO="0" rO="0" gO="0" bO="0" aM="67" rM="100" gM="100" bM="100"/>
    </frame>
    <frame z="6" tweenEasing="0" duration="2">
     <transform x="-135.1" y="-30.05" skX="55.65" skY="55.65" scX="0.78" scY="0.78" pX="0" pY="0"/>
     <colorTransform aO="0" rO="0" gO="0" bO="0" aM="34" rM="100" gM="100" bM="100"/>
    </frame>
    <frame z="6" duration="1">
     <transform x="-145.2" y="-33.55" skX="55.57" skY="55.57" scX="0.78" scY="0.78" pX="0" pY="0"/>
     <colorTransform aO="0" rO="0" gO="0" bO="0" aM="0" rM="100" gM="100" bM="100"/>
    </frame>
    <frame duration="6" displayIndex="-1"/>
   </timeline>
   <timeline name="1" scale="1" offset="0">
    <frame z="7" tweenEasing="0" duration="2">
     <transform x="-34.1" y="-33.35" skX="30.96" skY="30.96" scX="0.67" scY="0.67" pX="0" pY="0"/>
    </frame>
    <frame z="7" tweenEasing="0" duration="2">
     <transform x="-63.9" y="-73.95" skX="30.85" skY="30.85" scX="0.76" scY="0.76" pX="0" pY="0"/>
    </frame>
    <frame z="7" tweenEasing="0" duration="3">
     <transform x="-96.95" y="-110.45" skX="30.84" skY="30.84" scX="0.86" scY="0.86" pX="0" pY="0"/>
    </frame>
    <frame z="7" tweenEasing="0" duration="2">
     <transform x="-159.25" y="-152" skX="30.96" skY="30.96" scX="1" scY="1" pX="0" pY="0"/>
    </frame>
    <frame z="7" tweenEasing="0" duration="2">
     <transform x="-165.35" y="-155.15" skX="38.37" skY="38.37" scX="1" scY="1" pX="0" pY="0"/>
     <colorTransform aO="0" rO="0" gO="0" bO="0" aM="67" rM="100" gM="100" bM="100"/>
    </frame>
    <frame z="7" tweenEasing="0" duration="2">
     <transform x="-171.45" y="-158.25" skX="45.89" skY="45.89" scX="1" scY="1" pX="0" pY="0"/>
     <colorTransform aO="0" rO="0" gO="0" bO="0" aM="34" rM="100" gM="100" bM="100"/>
    </frame>
    <frame z="7" duration="1">
     <transform x="-177.5" y="-161.5" skX="53.46" skY="53.46" scX="1" scY="1" pX="0" pY="0"/>
     <colorTransform aO="0" rO="0" gO="0" bO="0" aM="0" rM="100" gM="100" bM="100"/>
    </frame>
    <frame duration="8" displayIndex="-1"/>
   </timeline>
   <timeline name="0" scale="1" offset="0">
    <frame z="8" tweenEasing="0" duration="2">
     <transform x="16.85" y="-30.35" skX="55.57" skY="55.57" scX="0.57" scY="0.57" pX="0" pY="0"/>
    </frame>
    <frame z="8" tweenEasing="0" duration="2">
     <transform x="38.15" y="-95.5" skX="55.64" skY="55.64" scX="0.63" scY="0.63" pX="0" pY="0"/>
    </frame>
    <frame z="8" tweenEasing="0" duration="3">
     <transform x="63.25" y="-159.25" skX="55.66" skY="55.66" scX="0.69" scY="0.69" pX="0" pY="0"/>
    </frame>
    <frame z="8" tweenEasing="0" duration="2">
     <transform x="122.95" y="-242.25" skX="55.57" skY="55.57" scX="0.78" scY="0.78" pX="0" pY="0"/>
    </frame>
    <frame z="8" tweenEasing="0" duration="2">
     <transform x="127.4" y="-246.45" skX="57.92" skY="57.92" scX="0.78" scY="0.78" pX="0" pY="0"/>
     <colorTransform aO="0" rO="0" gO="0" bO="0" aM="67" rM="100" gM="100" bM="100"/>
    </frame>
    <frame z="8" tweenEasing="0" duration="2">
     <transform x="131.9" y="-250.5" skX="60.2" skY="60.2" scX="0.78" scY="0.78" pX="0" pY="0"/>
     <colorTransform aO="0" rO="0" gO="0" bO="0" aM="34" rM="100" gM="100" bM="100"/>
    </frame>
    <frame z="8" duration="1">
     <transform x="135.8" y="-255.4" skX="62.54" skY="62.54" scX="0.78" scY="0.78" pX="0" pY="0"/>
     <colorTransform aO="0" rO="0" gO="0" bO="0" aM="0" rM="100" gM="100" bM="100"/>
    </frame>
    <frame duration="8" displayIndex="-1"/>
   </timeline>
   <timeline name="10" scale="1" offset="0">
    <frame z="9" tweenEasing="0" duration="7">
     <transform x="-17.6" y="-15.7" skX="27.76" skY="27.76" scX="0.16" scY="0.16" pX="0" pY="0"/>
    </frame>
    <frame z="9" tweenEasing="0" duration="6">
     <transform x="-27.6" y="-15.7" skX="-4.99" skY="-4.99" scX="1.2" scY="1.2" pX="0" pY="0"/>
    </frame>
    <frame z="9" duration="1">
     <transform x="-40.1" y="-15.95" skX="-37.69" skY="-37.69" scX="0.58" scY="0.58" pX="0" pY="0"/>
     <colorTransform aO="0" rO="0" gO="0" bO="0" aM="0" rM="100" gM="100" bM="100"/>
    </frame>
    <frame duration="8" displayIndex="-1"/>
   </timeline>
   <timeline name="2_0" scale="1" offset="0">
    <frame z="10" tweenEasing="0" duration="3">
     <transform x="1.05" y="-13.25" skX="42.03" skY="42.03" scX="0.42" scY="0.42" pX="0" pY="0"/>
    </frame>
    <frame z="10" tweenEasing="0" duration="2">
     <transform x="5.3" y="4.6" skX="68.96" skY="68.96" scX="0.53" scY="0.53" pX="0" pY="0"/>
    </frame>
    <frame z="10" tweenEasing="0" duration="2">
     <transform x="10.65" y="15.55" skX="86.96" skY="86.96" scX="0.6" scY="0.6" pX="0" pY="0"/>
    </frame>
    <frame z="10" tweenEasing="0" duration="2">
     <transform x="17.8" y="25.4" skX="104.78" skY="104.78" scX="0.68" scY="0.68" pX="0" pY="0"/>
    </frame>
    <frame z="10" tweenEasing="0" duration="2">
     <transform x="30.6" y="31.6" skX="125.62" skY="125.62" scX="0.59" scY="0.59" pX="0" pY="0"/>
     <colorTransform aO="0" rO="0" gO="0" bO="0" aM="67" rM="100" gM="100" bM="100"/>
    </frame>
    <frame z="10" tweenEasing="0" duration="2">
     <transform x="44.6" y="33.9" skX="146.66" skY="146.66" scX="0.51" scY="0.51" pX="0" pY="0"/>
     <colorTransform aO="0" rO="0" gO="0" bO="0" aM="34" rM="100" gM="100" bM="100"/>
    </frame>
    <frame z="10" duration="1">
     <transform x="48.05" y="43.25" skX="167.59" skY="167.59" scX="0.43" scY="0.43" pX="0" pY="0"/>
     <colorTransform aO="0" rO="0" gO="0" bO="0" aM="0" rM="100" gM="100" bM="100"/>
    </frame>
    <frame duration="8" displayIndex="-1"/>
   </timeline>
   <timeline name="11" scale="1" offset="0">
    <frame duration="6" displayIndex="-1"/>
    <frame z="11" tweenEasing="0" duration="7">
     <transform x="11.9" y="2.15" skX="64.12" skY="64.12" scX="2.1" scY="2.1" pX="0" pY="0"/>
    </frame>
    <frame z="11" tweenEasing="0" duration="6">
     <transform x="39.45" y="-2.85" skX="76.12" skY="76.12" scX="1.81" scY="1.81" pX="0" pY="0"/>
    </frame>
    <frame z="11" duration="1">
     <transform x="61.9" y="22.15" skX="97.81" skY="97.81" scX="2.46" scY="2.46" pX="0" pY="0"/>
     <colorTransform aO="0" rO="0" gO="0" bO="0" aM="0" rM="100" gM="100" bM="100"/>
    </frame>
    <frame duration="2" displayIndex="-1"/>
   </timeline>
  </animation>
 </armature>
 <armature name="xy_efface_touch_01ef">
  <bone name="a">
   <transform x="0" y="0" skX="0" skY="0" scX="1" scY="1"/>
  </bone>
  <skin name="default">
   <slot name="a" parent="a" z="0" blendMode="add">
    <display name="xy_efface_touch_01" type="image">
     <transform x="0" y="0" skX="0" skY="0" scX="1" scY="1" pX="57.95" pY="57.95"/>
    </display>
   </slot>
  </skin>
  <animation name="0" fadeInTime="0.3" duration="1" scale="1" loop="1" autoTween="NaN" tweenEasing="NaN">
   <timeline name="a" scale="1" offset="0">
    <frame z="0" duration="1">
     <transform x="0" y="0" skX="0" skY="0" scX="1" scY="1" pX="0" pY="0"/>
    </frame>
   </timeline>
  </animation>
 </armature>
</dragonBones>